chembl_id,chemical_formula,target_name,pIC50,canonical_smiles,pref_name
CHEMBL102583,C7H18Cl2N2O2Pt,41M,5.72,,"trans-a-Ammine-b,d-dichloro-c,e-dihydroxo-f-(N-methylcyclohexylamine)-platinium (IV)"
CHEMBL102583,C7H18Cl2N2O2Pt,A2780,5.595,,"trans-a-Ammine-b,d-dichloro-c,e-dihydroxo-f-(N-methylcyclohexylamine)-platinium (IV)"
CHEMBL102583,C7H18Cl2N2O2Pt,CH1,5.715,,"trans-a-Ammine-b,d-dichloro-c,e-dihydroxo-f-(N-methylcyclohexylamine)-platinium (IV)"
CHEMBL102583,C7H18Cl2N2O2Pt,SK-OV-3,5.16,,"trans-a-Ammine-b,d-dichloro-c,e-dihydroxo-f-(N-methylcyclohexylamine)-platinium (IV)"
CHEMBL102644,C6H14Br2N2Pt,41M,5.45,,trans-Amminedibromo (cyclohexylamine)-platinium (II)
CHEMBL102644,C6H14Br2N2Pt,A2780,5.494999999999999,,trans-Amminedibromo (cyclohexylamine)-platinium (II)
CHEMBL102644,C6H14Br2N2Pt,CH1,5.35,,trans-Amminedibromo (cyclohexylamine)-platinium (II)
CHEMBL102644,C6H14Br2N2Pt,SK-OV-3,4.94,,trans-Amminedibromo (cyclohexylamine)-platinium (II)
CHEMBL103049,C6H16Cl2N2Pt,41M,5.369999999999999,,Trans-Amminedichloro hexylamine platinium (II)
CHEMBL103049,C6H16Cl2N2Pt,A2780,5.48,,Trans-Amminedichloro hexylamine platinium (II)
CHEMBL103049,C6H16Cl2N2Pt,CH1,5.380000000000001,,Trans-Amminedichloro hexylamine platinium (II)
CHEMBL103049,C6H16Cl2N2Pt,SK-OV-3,5.15,,Trans-Amminedichloro hexylamine platinium (II)
CHEMBL103122,C7H12Cl2N2O2Pt,41M,5.89,,"trans-a-Ammine-b,d-dichloro-c,e-dihydroxy-f-(benzylamine)-platinium (IV)"
CHEMBL103122,C7H12Cl2N2O2Pt,A2780,5.67,,"trans-a-Ammine-b,d-dichloro-c,e-dihydroxy-f-(benzylamine)-platinium (IV)"
CHEMBL103122,C7H12Cl2N2O2Pt,CH1,5.84,,"trans-a-Ammine-b,d-dichloro-c,e-dihydroxy-f-(benzylamine)-platinium (IV)"
CHEMBL103122,C7H12Cl2N2O2Pt,SK-OV-3,5.09,,"trans-a-Ammine-b,d-dichloro-c,e-dihydroxy-f-(benzylamine)-platinium (IV)"
CHEMBL103347,C7H14Cl2N2Pt,41M,5.835,,"trans-a-Ammine-b,d-dichloro-c,e-dihydroxo-f-(exo-2-aminonorbornane)-platinium (IV)"
CHEMBL103347,C7H14Cl2N2Pt,A2780,6.06,,"trans-a-Ammine-b,d-dichloro-c,e-dihydroxo-f-(exo-2-aminonorbornane)-platinium (IV)"
CHEMBL103347,C7H14Cl2N2Pt,CH1,5.81,,"trans-a-Ammine-b,d-dichloro-c,e-dihydroxo-f-(exo-2-aminonorbornane)-platinium (IV)"
CHEMBL103347,C7H14Cl2N2Pt,SK-OV-3,5.36,,"trans-a-Ammine-b,d-dichloro-c,e-dihydroxo-f-(exo-2-aminonorbornane)-platinium (IV)"
CHEMBL103460,C6H16Br2N2O2Pt,41M,5.725,,Platinum complex
CHEMBL103460,C6H16Br2N2O2Pt,A2780,5.645,,Platinum complex
CHEMBL103460,C6H16Br2N2O2Pt,CH1,5.675,,Platinum complex
CHEMBL103460,C6H16Br2N2O2Pt,SK-OV-3,5.33,,Platinum complex
CHEMBL103570,C6H16Cl2N2O2Pt,41M,5.675,,"trans-a-ammine-b,d-dichloro-f-(cyclohexylamine)-c,e-dihydroxoplatinium (IV)"
CHEMBL103570,C6H16Cl2N2O2Pt,A2780,5.91,,"trans-a-ammine-b,d-dichloro-f-(cyclohexylamine)-c,e-dihydroxoplatinium (IV)"
CHEMBL103570,C6H16Cl2N2O2Pt,CH1,5.83,,"trans-a-ammine-b,d-dichloro-f-(cyclohexylamine)-c,e-dihydroxoplatinium (IV)"
CHEMBL103570,C6H16Cl2N2O2Pt,SK-OV-3,5.0,,"trans-a-ammine-b,d-dichloro-f-(cyclohexylamine)-c,e-dihydroxoplatinium (IV)"
CHEMBL103721,C7H16Cl2N2Pt,41M,6.215,,trans-Amminedichloro(N-methylcyclohexylamine)-platinium (II)
CHEMBL103721,C7H16Cl2N2Pt,A2780,5.890000000000001,,trans-Amminedichloro(N-methylcyclohexylamine)-platinium (II)
CHEMBL103721,C7H16Cl2N2Pt,CH1,6.1899999999999995,,trans-Amminedichloro(N-methylcyclohexylamine)-platinium (II)
CHEMBL103721,C7H16Cl2N2Pt,SK-OV-3,5.41,,trans-Amminedichloro(N-methylcyclohexylamine)-platinium (II)
CHEMBL104893,C6H14Cl2N2Pt,41M,6.1850000000000005,,AMMONIO(DICHLORO)PLATINUM(CYCLOHEXYL)AMMONIUM
CHEMBL104893,C6H14Cl2N2Pt,A2780,6.16,,AMMONIO(DICHLORO)PLATINUM(CYCLOHEXYL)AMMONIUM
CHEMBL104893,C6H14Cl2N2Pt,CH1,6.1899999999999995,,AMMONIO(DICHLORO)PLATINUM(CYCLOHEXYL)AMMONIUM
CHEMBL104893,C6H14Cl2N2Pt,SK-OV-3,5.41,,AMMONIO(DICHLORO)PLATINUM(CYCLOHEXYL)AMMONIUM
CHEMBL105222,C7H18Cl2N2O2Pt,41M,4.93,,"trans-a-Ammine-b,d-dichloro-c,e-dihydroxo-f-(quinuclidine)-platinium (IV)"
CHEMBL105222,C7H18Cl2N2O2Pt,A2780,5.15,,"trans-a-Ammine-b,d-dichloro-c,e-dihydroxo-f-(quinuclidine)-platinium (IV)"
CHEMBL105222,C7H18Cl2N2O2Pt,CH1,4.915,,"trans-a-Ammine-b,d-dichloro-c,e-dihydroxo-f-(quinuclidine)-platinium (IV)"
CHEMBL105222,C7H18Cl2N2O2Pt,SK-OV-3,4.57,,"trans-a-Ammine-b,d-dichloro-c,e-dihydroxo-f-(quinuclidine)-platinium (IV)"
CHEMBL108133,C6H22Cl2N6Pt2+2,41M,5.734999999999999,,trans-[{PtCl(NH3)2}-mu-{NH2(CH2)6NH2}-trans-{PtCl(NH3)2}]
CHEMBL108133,C6H22Cl2N6Pt2+2,A2780,6.26,,trans-[{PtCl(NH3)2}-mu-{NH2(CH2)6NH2}-trans-{PtCl(NH3)2}]
CHEMBL108133,C6H22Cl2N6Pt2+2,CH1,6.26,,trans-[{PtCl(NH3)2}-mu-{NH2(CH2)6NH2}-trans-{PtCl(NH3)2}]
CHEMBL108133,C6H22Cl2N6Pt2+2,SK-OV-3,4.4399999999999995,,trans-[{PtCl(NH3)2}-mu-{NH2(CH2)6NH2}-trans-{PtCl(NH3)2}]
CHEMBL111089,C6H20Cl3N5Pt2,41M,5.755,,trans-[{PtCl(NH3)2}-mu-{NH2(CH2)6NH2}-cis-{PtCl2(NH3)}]Cl
CHEMBL111089,C6H20Cl3N5Pt2,A2780,6.51,,trans-[{PtCl(NH3)2}-mu-{NH2(CH2)6NH2}-cis-{PtCl2(NH3)}]Cl
CHEMBL111089,C6H20Cl3N5Pt2,CH1,6.265,,trans-[{PtCl(NH3)2}-mu-{NH2(CH2)6NH2}-cis-{PtCl2(NH3)}]Cl
CHEMBL111089,C6H20Cl3N5Pt2,SK-OV-3,4.63,,trans-[{PtCl(NH3)2}-mu-{NH2(CH2)6NH2}-cis-{PtCl2(NH3)}]Cl
CHEMBL1169454,C36H30N4O8Pt+2,A2780,6.275,,"Platinum cyclobutane-1,1-dicarboxylic acid-bis-(naphthalimide) complex"
CHEMBL1169454,C36H30N4O8Pt+2,CH1,6.34,,"Platinum cyclobutane-1,1-dicarboxylic acid-bis-(naphthalimide) complex"
CHEMBL118385,C12H8AuCl2N2+2,A2780,5.4399999999999995,,AUPHEN
CHEMBL1351,C6H12N2O4Pt,A2780,5.09,,CARBOPLATIN
CHEMBL1351,C6H12N2O4Pt,CH1,5.215,,CARBOPLATIN
CHEMBL1351,C6H12N2O4Pt,SK-OV-3,4.7,,CARBOPLATIN
CHEMBL146966,C11H12AuN3S2+,A2780,5.140000000000001,,"Bis(thiocyanato)[2-(dimethylamino)methyl]phenyl-C,N]gold-(III)"
CHEMBL146966,C11H12AuN3S2+,CH1,4.98,,"Bis(thiocyanato)[2-(dimethylamino)methyl]phenyl-C,N]gold-(III)"
CHEMBL146966,C11H12AuN3S2+,SK-OV-3,4.555,,"Bis(thiocyanato)[2-(dimethylamino)methyl]phenyl-C,N]gold-(III)"
CHEMBL147203,C10H21N3O8P2Pt+,CH1,4.485,,Platinum complex
CHEMBL148800,C10H16Cl2N3Pt+,41M,4.35,,trans-ptcl2(picoline)(pz)
CHEMBL148800,C10H16Cl2N3Pt+,A2780,5.0,,trans-ptcl2(picoline)(pz)
CHEMBL148800,C10H16Cl2N3Pt+,CH1,4.59,,trans-ptcl2(picoline)(pz)
CHEMBL149255,C11H12AuNO4+,A2780,4.945,,"Oxalato[2-(dimethylamino)methyl]phenyl-C,N]gold-(III) Hemihydrate"
CHEMBL149255,C11H12AuNO4+,CH1,4.925,,"Oxalato[2-(dimethylamino)methyl]phenyl-C,N]gold-(III) Hemihydrate"
CHEMBL149255,C11H12AuNO4+,SK-OV-3,4.6899999999999995,,"Oxalato[2-(dimethylamino)methyl]phenyl-C,N]gold-(III) Hemihydrate"
CHEMBL150105,C13H18AuNO4+,A2780,4.96,,"Acetato[2-(dimethylamino)methyl]phenyl-C,N]gold-(III)"
CHEMBL150105,C13H18AuNO4+,CH1,4.9399999999999995,,"Acetato[2-(dimethylamino)methyl]phenyl-C,N]gold-(III)"
CHEMBL150105,C13H18AuNO4+,SK-OV-3,4.89,,"Acetato[2-(dimethylamino)methyl]phenyl-C,N]gold-(III)"
CHEMBL1627729,C33H50Cl2N2O3Pt,A2780,5.23,,Estrogen platinum (II) hybrid derivative
CHEMBL1627731,C35H54Cl2N2O3Pt,A2780,5.0,,Estrogen platinum (II) hybrid derivative
CHEMBL1627733,C30H44Cl2N2O3Pt,A2780,4.82,,Estrogen platinum (II) hybrid derivative
CHEMBL1627734,C34H52Cl2N2O3Pt,A2780,5.595000000000001,,Estrogen platinum (II) hybrid derivative
CHEMBL1627737,C32H48Cl2N2O3Pt,A2780,5.43,,Estrogen platinum (II) hybrid derivative
CHEMBL1627738,C31H46Cl2N2O3Pt,A2780,4.78,,Estrogen platinum (II) hybrid derivative
CHEMBL1627740,C29H42Cl2N2O3Pt,A2780,4.57,,Platinum complex
CHEMBL1627993,C36H56Cl2N2O3Pt,A2780,5.705,,Estrogen platinum (II) hybrid derivative
CHEMBL164788,C14H24Cl2N2O4Pt,A2780,5.4,,Platinum(IV) Complex
CHEMBL174577,C12H22ClF6N2PRu,A2780,5.05,,[(nu6-p-cymene)RuCl(ethylenediamine)]PF6
CHEMBL174682,C12H22F6IN2PRu,A2780,5.1,,[(nu6-p-cymene)RuI(ethylenediamine)]PF6
CHEMBL174841,C14H18ClF6N2PRu,A2780,5.22,,Ruthenium complex
CHEMBL175093,C8H14ClF6N2PRu,A2780,4.77,,[(nu6-C6H6)RuCl(ethylenediamine)]PF6
CHEMBL175505,C6H12Cl2N2Pt,A2780,5.1,,Cis-Platinum (II) Conjugate
CHEMBL175535,C9H18N2O4Pt+2,A2780,5.64,,Cis-Platinum (II) Conjugate
CHEMBL175844,C12H22N2O4Pt+2,A2780,5.33,,Cis-Platinum (II) Conjugate
CHEMBL176766,C12H18N2O4Pt,A2780,5.6,,Cis-Platinum (II) Conjugate
CHEMBL177920,C8H12N2O4Pt,A2780,5.04,,Cis-Platinum (II) Conjugate
CHEMBL177971,C6H16Cl2N2Pt+2,A2780,4.955,,Cis-Platinum (II) Conjugate
CHEMBL179236,C6H14Cl2N2Pt+2,A2780,4.995,,Cis-Platinum (II) Conjugate
CHEMBL186705,C6H8Cl2N2Pt+2,A2780,5.38,,Estrogen platinum (II) hybrid derivative
CHEMBL187543,C21H15Cl3N6Ru,SK-OV-3,5.58,,Ruthenium complex
CHEMBL190065,C14H10Cl4N4Ru-,SK-OV-3,4.18,,Ruthenium complex
CHEMBL194376,C13H16N2O4Pt,41M,4.66,,trans-[Pt(OAc)2(NH3)(quin)]
CHEMBL194376,C13H16N2O4Pt,A2780,4.89,,trans-[Pt(OAc)2(NH3)(quin)]
CHEMBL194376,C13H16N2O4Pt,CH1,4.77,,trans-[Pt(OAc)2(NH3)(quin)]
CHEMBL196628,C14H16N2O4Pt,41M,4.85,,trans-[Pt(OAc)2(py)2]
CHEMBL196628,C14H16N2O4Pt,A2780,4.89,,trans-[Pt(OAc)2(py)2]
CHEMBL196628,C14H16N2O4Pt,CH1,4.72,,trans-[Pt(OAc)2(py)2]
CHEMBL2068288,C12H20N2O5Pt,SK-OV-3,4.2,,Platinum complex
CHEMBL2068310,C8H20Cl4N2O2Pt,A2780,5.66,,Tetrachlorodi(4-hydroxybutylamine)platinum(IV)
CHEMBL2068310,C8H20Cl4N2O2Pt,SK-OV-3,5.4,,Tetrachlorodi(4-hydroxybutylamine)platinum(IV)
CHEMBL2068312,C8H16Cl2N2O5Pt,A2780,5.55,,Dichloro diacetyl oxy-(amino ethylamino ethanol) platinum
CHEMBL2068312,C8H16Cl2N2O5Pt,SK-OV-3,4.62,,Dichloro diacetyl oxy-(amino ethylamino ethanol) platinum
CHEMBL2068314,C8H16Cl2N2O6Pt,SK-OV-3,5.0,,Dichlorodiacetyl oxy-(ammino acetoxy ethylammino ethanol) platinum (II)
CHEMBL2068316,C6H16Cl4N2O2Pt,A2780,5.8,,Tetrachlorodi(3-hydroxypropylamine)platinum(IV)
CHEMBL2068316,C6H16Cl4N2O2Pt,SK-OV-3,5.0,,Tetrachlorodi(3-hydroxypropylamine)platinum(IV)
CHEMBL2068372,C7H17Cl2N3Pt,41M,4.42,,trans-ptcl2(IPA)(pz)
CHEMBL2068372,C7H17Cl2N3Pt,A2780,4.85,,trans-ptcl2(IPA)(pz)
CHEMBL2068372,C7H17Cl2N3Pt,CH1,4.65,,trans-ptcl2(IPA)(pz)
CHEMBL2068376,C8H19Cl2N3Pt,41M,4.41,,trans-ptcl2(n-butyl amine)(pz)
CHEMBL2068376,C8H19Cl2N3Pt,A2780,4.8,,trans-ptcl2(n-butyl amine)(pz)
CHEMBL2068376,C8H19Cl2N3Pt,CH1,4.744999999999999,,trans-ptcl2(n-butyl amine)(pz)
CHEMBL2068447,C14H24N2O5Pt,SK-OV-3,4.11,,Platinum analogues of DemethylCantharidin
CHEMBL2068449,C14H20N2O5Pt,SK-OV-3,4.38,,Platinum analogues of DemethylCantharidin
CHEMBL2068452,C8H20Cl2N2O2Pt,SK-OV-3,4.64,,Dichlorodi(4-hydroxybutylamine)platinum (II)
CHEMBL2068454,C6H16Cl2N2O2Pt,SK-OV-3,4.7,,Dichlorodi(3-hydroxypropylamine)platinum (II)
CHEMBL2068458,C10H20Cl2N2O6Pt,SK-OV-3,4.66,,Dichlorodiacetyl oxy-(ammino acetoxy butylammino ethanol) platinum (II)
CHEMBL2068480,C8H18Cl2N4Pt,41M,4.37,,Platinum complex
CHEMBL2068480,C8H18Cl2N4Pt,A2780,4.77,,Platinum complex
CHEMBL2068480,C8H18Cl2N4Pt,CH1,4.43,,Platinum complex
CHEMBL2068496,C9H19Cl2N3Pt,41M,4.43,,trans-ptcl2(pip)(pz)
CHEMBL2068496,C9H19Cl2N3Pt,A2780,4.75,,trans-ptcl2(pip)(pz)
CHEMBL2068496,C9H19Cl2N3Pt,CH1,4.365,,trans-ptcl2(pip)(pz)
CHEMBL2068551,C8H12N2O5Pt,SK-OV-3,4.39,,Platinum analogues of DemethylCantharidin
CHEMBL2068563,C10H16N2O5Pt,SK-OV-3,4.43,,Platinum analogues of DemethylCantharidin
CHEMBL213916,C50H42N18O18Pt3+10,A2780,5.734999999999999,,"4'-chloro-2,2':6,2''-Terpyridineplatinum (II) complex"
CHEMBL213916,C50H42N18O18Pt3+10,CH1,5.85,,"4'-chloro-2,2':6,2''-Terpyridineplatinum (II) complex"
CHEMBL213916,C50H42N18O18Pt3+10,SK-OV-3,5.29,,"4'-chloro-2,2':6,2''-Terpyridineplatinum (II) complex"
CHEMBL2146185,C15H11B2ClF8N3Pt-,A2780,4.35,,Platinum complex
CHEMBL2146185,C15H11B2ClF8N3Pt-,CH1,5.19,,Platinum complex
CHEMBL2146185,C15H11B2ClF8N3Pt-,SK-OV-3,4.71,,Platinum complex
CHEMBL2146195,C30H26Cl2N4O4Pt,A2780,6.35,,Platinum complex
CHEMBL2146195,C30H26Cl2N4O4Pt,CH1,6.46,,Platinum complex
CHEMBL2146196,C8H16Cl2N2O2Pt,SK-OV-3,5.11,,"cis-Dichloro[(2S,3R,4S)-2-aminomethyl-3,4-(O-isopropylidene)dihydrxypyrrolidine]platinum (II)"
CHEMBL217343,C42H32B4F16N8Pt2+8,A2780,5.71,,Platinum complex
CHEMBL217343,C42H32B4F16N8Pt2+8,CH1,5.87,,Platinum complex
CHEMBL217343,C42H32B4F16N8Pt2+8,SK-OV-3,5.89,,Platinum complex
CHEMBL217630,C48H46B4F16N12O2Pt2+8,A2780,4.5600000000000005,,Platinum complex
CHEMBL217630,C48H46B4F16N12O2Pt2+8,CH1,4.38,,Platinum complex
CHEMBL217630,C48H46B4F16N12O2Pt2+8,SK-OV-3,4.01,,Platinum complex
CHEMBL262033,C44H30N12O12Pt2+8,A2780,5.725,,Platinum complex
CHEMBL262033,C44H30N12O12Pt2+8,CH1,6.14,,Platinum complex
CHEMBL262033,C44H30N12O12Pt2+8,SK-OV-3,5.77,,Platinum complex
CHEMBL264844,C56H36Cl2N12O12Pt2+8,A2780,4.985,,Platinum complex
CHEMBL264844,C56H36Cl2N12O12Pt2+8,CH1,5.555,,Platinum complex
CHEMBL264844,C56H36Cl2N12O12Pt2+8,SK-OV-3,5.66,,Platinum complex
CHEMBL265995,C40H30N12O12Pt2+8,A2780,5.02,,Platinum complex
CHEMBL265995,C40H30N12O12Pt2+8,CH1,5.81,,Platinum complex
CHEMBL265995,C40H30N12O12Pt2+8,SK-OV-3,5.51,,Platinum complex
CHEMBL266168,C23H21B2F8N5Pt+4,A2780,4.23,,Platinum complex
CHEMBL266168,C23H21B2F8N5Pt+4,CH1,4.87,,Platinum complex
CHEMBL266168,C23H21B2F8N5Pt+4,SK-OV-3,4.1,,Platinum complex
CHEMBL266471,C27H21B2BrF8N4Pt+4,A2780,4.470000000000001,,"(2,2':6',2''-terpyridine)platinum (II) complex"
CHEMBL266471,C27H21B2BrF8N4Pt+4,CH1,5.3,,"(2,2':6',2''-terpyridine)platinum (II) complex"
CHEMBL266733,C22H18B2F8N4OPt+4,A2780,5.175000000000001,,Platinum complex
CHEMBL266733,C22H18B2F8N4OPt+4,CH1,5.66,,Platinum complex
CHEMBL266733,C22H18B2F8N4OPt+4,SK-OV-3,4.96,,Platinum complex
CHEMBL267638,C21H20B2F8N6Pt+4,A2780,4.48,,Platinum complex
CHEMBL267638,C21H20B2F8N6Pt+4,CH1,4.515000000000001,,Platinum complex
CHEMBL267704,C20H15B2F9N4Pt+4,A2780,4.67,,"(2,2':6',2''-terpyridine)platinum (II) complex"
CHEMBL267704,C20H15B2F9N4Pt+4,CH1,4.85,,"(2,2':6',2''-terpyridine)platinum (II) complex"
CHEMBL269099,C21H17B2ClF8N4Pt+4,A2780,4.84,,Platinum complex
CHEMBL269099,C21H17B2ClF8N4Pt+4,CH1,5.2,,Platinum complex
CHEMBL269099,C21H17B2ClF8N4Pt+4,SK-OV-3,5.25,,Platinum complex
CHEMBL269100,C22H20B2F8N4OPt+4,A2780,4.3100000000000005,,"4'-substituted 2,2':6,2''-Terpyridineplatinum (II) Picoline complex"
CHEMBL269100,C22H20B2F8N4OPt+4,CH1,4.81,,"4'-substituted 2,2':6,2''-Terpyridineplatinum (II) Picoline complex"
CHEMBL269100,C22H20B2F8N4OPt+4,SK-OV-3,4.35,,"4'-substituted 2,2':6,2''-Terpyridineplatinum (II) Picoline complex"
CHEMBL295047,C23H20Cl3N8O6Ru-,A2780,4.965,,beta-[Ru(azpy)2(NO3)2] CHCl3
CHEMBL295087,C19H18AuF6N2OP+,A2780,5.285,,"8,8-dimethyl-8,12b-dihydro-7b,12c-diazoniabenzo[a]aceanthrylen-12b-ol(gold(III)complex) with Phosphorous hexa fluoride"
CHEMBL295087,C19H18AuF6N2OP+,SK-OV-3,4.88,,"8,8-dimethyl-8,12b-dihydro-7b,12c-diazoniabenzo[a]aceanthrylen-12b-ol(gold(III)complex) with Phosphorous hexa fluoride"
CHEMBL295522,C10H10AuF6N2O2P+,A2780,4.84,,"pyrido[1',2':3,4]imidazo[1,5-a]pyridinediium-6,6-diol(gold(III)complex) with Phosphorous hexa fluoride"
CHEMBL295522,C10H10AuF6N2O2P+,SK-OV-3,4.46,,"pyrido[1',2':3,4]imidazo[1,5-a]pyridinediium-6,6-diol(gold(III)complex) with Phosphorous hexa fluoride"
CHEMBL298410,C23H20Cl5N6Ru+3,A2780,5.47,,beta-[Ru(azpy)2Cl2] CHCl3
CHEMBL300621,C24H19N6O4Ru+3,A2780,5.2,,Ruthenium complex
CHEMBL308963,C10H20O2PtS4,SK-OV-3,4.265000000000001,,"2,6-dibutoxy-1,3,5,7-tetrathia-4-platinaspiro[3.3]heptane"
CHEMBL309353,C14H24O2PtS4,SK-OV-3,4.984999999999999,,"2,6-bis(cyclohexyloxy)-1,3,5,7-tetrathia-4-platinaspiro[3.3]heptane"
CHEMBL317255,C7H16Cl2N2Pt,A2780,4.58,,trans-Amminedichloro(quinuclidine)platinium (II)
CHEMBL319263,C8H22Cl2N2O2Pt,41M,6.16,,"trans-a-Ammine-b,d-dichloro-c,e-dihydroxo-f-(1,1,3,3-tetramethyl butylamine)-platinium (IV)"
CHEMBL319263,C8H22Cl2N2O2Pt,A2780,6.03,,"trans-a-Ammine-b,d-dichloro-c,e-dihydroxo-f-(1,1,3,3-tetramethyl butylamine)-platinium (IV)"
CHEMBL319263,C8H22Cl2N2O2Pt,CH1,6.35,,"trans-a-Ammine-b,d-dichloro-c,e-dihydroxo-f-(1,1,3,3-tetramethyl butylamine)-platinium (IV)"
CHEMBL319263,C8H22Cl2N2O2Pt,SK-OV-3,5.75,,"trans-a-Ammine-b,d-dichloro-c,e-dihydroxo-f-(1,1,3,3-tetramethyl butylamine)-platinium (IV)"
CHEMBL319686,C12H26Cl2N2O2Pt,41M,6.01,,"trans-a,f-Dichloro-b,d-bis(cyclohexylamine)-c,e-dihydroxo-platinium (IV)"
CHEMBL319686,C12H26Cl2N2O2Pt,A2780,5.8,,"trans-a,f-Dichloro-b,d-bis(cyclohexylamine)-c,e-dihydroxo-platinium (IV)"
CHEMBL319686,C12H26Cl2N2O2Pt,CH1,6.24,,"trans-a,f-Dichloro-b,d-bis(cyclohexylamine)-c,e-dihydroxo-platinium (IV)"
CHEMBL319686,C12H26Cl2N2O2Pt,SK-OV-3,5.6,,"trans-a,f-Dichloro-b,d-bis(cyclohexylamine)-c,e-dihydroxo-platinium (IV)"
CHEMBL320447,C7H16Cl2N2Pt,41M,5.695,,Trans-Amminedichloro(cycloheptylamine)platinium (II)
CHEMBL320447,C7H16Cl2N2Pt,A2780,5.615,,Trans-Amminedichloro(cycloheptylamine)platinium (II)
CHEMBL320447,C7H16Cl2N2Pt,CH1,5.35,,Trans-Amminedichloro(cycloheptylamine)platinium (II)
CHEMBL320447,C7H16Cl2N2Pt,SK-OV-3,5.0,,Trans-Amminedichloro(cycloheptylamine)platinium (II)
CHEMBL320638,C10H22Cl2N2Pt,41M,6.115,,trans-(1-Aminoadamantane)Amminedichloro-platinium (II)
CHEMBL320638,C10H22Cl2N2Pt,A2780,6.125,,trans-(1-Aminoadamantane)Amminedichloro-platinium (II)
CHEMBL320638,C10H22Cl2N2Pt,CH1,6.525,,trans-(1-Aminoadamantane)Amminedichloro-platinium (II)
CHEMBL320638,C10H22Cl2N2Pt,SK-OV-3,5.82,,trans-(1-Aminoadamantane)Amminedichloro-platinium (II)
CHEMBL321706,C17H14B2F8N4Pt+4,A2780,4.15,,Platinum complex
CHEMBL321706,C17H14B2F8N4Pt+4,CH1,4.75,,Platinum complex
CHEMBL322013,C7H18Cl2N2O2Pt,41M,5.869999999999999,,Platinum complex
CHEMBL322013,C7H18Cl2N2O2Pt,A2780,5.904999999999999,,Platinum complex
CHEMBL322013,C7H18Cl2N2O2Pt,CH1,5.865,,Platinum complex
CHEMBL322013,C7H18Cl2N2O2Pt,SK-OV-3,5.41,,Platinum complex
CHEMBL322197,C7H16Cl4N2Pt,41M,4.79,,trans-Amminetetrachloro(quinuclidine)-platinium (IV)
CHEMBL322197,C7H16Cl4N2Pt,A2780,4.824999999999999,,trans-Amminetetrachloro(quinuclidine)-platinium (IV)
CHEMBL322197,C7H16Cl4N2Pt,CH1,4.81,,trans-Amminetetrachloro(quinuclidine)-platinium (IV)
CHEMBL322197,C7H16Cl4N2Pt,SK-OV-3,4.54,,trans-Amminetetrachloro(quinuclidine)-platinium (IV)
CHEMBL323516,C12H26Cl2N4O4Pt,41M,5.29,,"trans-a-ammine-b,d-dichloro-f-(cyclohexylamine)-c,e-bis-(ethylcarbamato)platinium (IV)"
CHEMBL323516,C12H26Cl2N4O4Pt,A2780,5.234999999999999,,"trans-a-ammine-b,d-dichloro-f-(cyclohexylamine)-c,e-bis-(ethylcarbamato)platinium (IV)"
CHEMBL323516,C12H26Cl2N4O4Pt,CH1,5.295,,"trans-a-ammine-b,d-dichloro-f-(cyclohexylamine)-c,e-bis-(ethylcarbamato)platinium (IV)"
CHEMBL323516,C12H26Cl2N4O4Pt,SK-OV-3,4.72,,"trans-a-ammine-b,d-dichloro-f-(cyclohexylamine)-c,e-bis-(ethylcarbamato)platinium (IV)"
CHEMBL324865,C18H14B2F8N5Pt+3,A2780,4.77,,Platinum complex
CHEMBL324865,C18H14B2F8N5Pt+3,CH1,4.81,,Platinum complex
CHEMBL326518,C15H11AuClN3+3,A2780,6.5649999999999995,,AU(TERPY)
CHEMBL332792,C10H20AuN4,A2780,4.0,,AUCYCLAM
CHEMBL347085,C12H14AuNO4+,A2780,5.1850000000000005,,"Malonato[2-(dimethylamino)methyl]phenyl-C,N]gold-(III)"
CHEMBL347085,C12H14AuNO4+,CH1,5.525,,"Malonato[2-(dimethylamino)methyl]phenyl-C,N]gold-(III)"
CHEMBL347085,C12H14AuNO4+,SK-OV-3,4.74,,"Malonato[2-(dimethylamino)methyl]phenyl-C,N]gold-(III)"
CHEMBL34868,C7H10Cl2N2Pt+2,A2780,5.16,,Estrogen platinum (II) hybrid derivative
CHEMBL358664,C9H12AuCl2N+,A2780,4.71,,"Dichloro[2-(dimethylamino)methyl]phenyl-C,N]gold-(III)"
CHEMBL358664,C9H12AuCl2N+,CH1,4.775,,"Dichloro[2-(dimethylamino)methyl]phenyl-C,N]gold-(III)"
CHEMBL358664,C9H12AuCl2N+,SK-OV-3,4.35,,"Dichloro[2-(dimethylamino)methyl]phenyl-C,N]gold-(III)"
CHEMBL365925,C28H20Cl2N8Ru+,SK-OV-3,6.2,,Ruthenium complex
CHEMBL368464,C16H22ClF6N2PRu,A2780,5.22,,[(nu6-C6H5C6H5)RuCl(N-ethylethylenediamine)]PF6
CHEMBL368607,C9H16N2O4Pt+2,A2780,5.64,,Cis-Platinum (II) Conjugate
CHEMBL368608,C12H20N2O4Pt+2,A2780,5.43,,Cis-Platinum (II) Conjugate
CHEMBL370881,C13H16N2O4Pt,41M,4.66,,trans-[Pt(OAc)2(NH3)(iquin)]
CHEMBL370881,C13H16N2O4Pt,A2780,4.89,,trans-[Pt(OAc)2(NH3)(iquin)]
CHEMBL370881,C13H16N2O4Pt,CH1,4.7,,trans-[Pt(OAc)2(NH3)(iquin)]
CHEMBL371997,C7H5Cl5N2Ru-2,SK-OV-3,4.46,,Ruthenium complex
CHEMBL385413,C40H28Cl2N12O12Pt2+8,A2780,4.73,,Platinum complex
CHEMBL385413,C40H28Cl2N12O12Pt2+8,CH1,6.16,,Platinum complex
CHEMBL385413,C40H28Cl2N12O12Pt2+8,SK-OV-3,5.89,,Platinum complex
CHEMBL405707,C42H32N12O12Pt2+8,A2780,4.96,,"4'-chloro-2,2':6,2''-Terpyridineplatinum (II) complex"
CHEMBL405707,C42H32N12O12Pt2+8,CH1,5.69,,"4'-chloro-2,2':6,2''-Terpyridineplatinum (II) complex"
CHEMBL405707,C42H32N12O12Pt2+8,SK-OV-3,5.46,,"4'-chloro-2,2':6,2''-Terpyridineplatinum (II) complex"
CHEMBL407341,C44H28Cl2N12O12Pt2+8,A2780,6.1899999999999995,,Platinum complex
CHEMBL407341,C44H28Cl2N12O12Pt2+8,CH1,5.824999999999999,,Platinum complex
CHEMBL407341,C44H28Cl2N12O12Pt2+8,SK-OV-3,5.85,,Platinum complex
CHEMBL410609,C50H32Cl2N12O12Pt2+8,A2780,5.25,,"4'-chloro-2,2':6,2''-Terpyridineplatinum (II) complex"
CHEMBL410609,C50H32Cl2N12O12Pt2+8,CH1,5.67,,"4'-chloro-2,2':6,2''-Terpyridineplatinum (II) complex"
CHEMBL410609,C50H32Cl2N12O12Pt2+8,SK-OV-3,5.75,,"4'-chloro-2,2':6,2''-Terpyridineplatinum (II) complex"
CHEMBL413296,C14H28O2PtS4,SK-OV-3,4.609999999999999,,"2,6-bis[(3,3-dimethylbutan-2-yl)oxy]-1,3,5,7-tetrathia-4-platinaspiro[3.3]heptane"
CHEMBL414155,C50H50B4F16N12O2Pt2+8,A2780,4.875,,Platinum complex
CHEMBL414155,C50H50B4F16N12O2Pt2+8,CH1,4.32,,Platinum complex
CHEMBL414804,C8H12N2O4Pt,A2780,5.18,,OXALIPLATIN
CHEMBL414804,C8H12N2O4Pt,CH1,6.57,,OXALIPLATIN
CHEMBL415294,C20H16B2F8N4Pt+4,A2780,4.4,,"(2,2':6',2''-terpyridine)platinum (II) complex"
CHEMBL415294,C20H16B2F8N4Pt+4,CH1,4.76,,"(2,2':6',2''-terpyridine)platinum (II) complex"
CHEMBL415294,C20H16B2F8N4Pt+4,SK-OV-3,4.62,,"(2,2':6',2''-terpyridine)platinum (II) complex"
CHEMBL415807,C50H40Cl2N18O18Pt3+10,A2780,4.78,,Platinum complex
CHEMBL415807,C50H40Cl2N18O18Pt3+10,CH1,6.26,,Platinum complex
CHEMBL415807,C50H40Cl2N18O18Pt3+10,SK-OV-3,5.77,,Platinum complex
CHEMBL419256,C8H16O2PtS4,SK-OV-3,4.665,,"2,6-bis(propan-2-yloxy)-1,3,5,7-tetrathia-4-platinaspiro[3.3]heptane"
CHEMBL427115,C8H14F6IN2PRu,A2780,4.7,,[(nu6-C6H6)RuI(ethylenediamine)]PF6
CHEMBL430691,C6H14Cl4N2Pt,41M,5.449999999999999,,trans-Amminetetrachloro(cyclohexylamine)-platinium (IV)
CHEMBL430691,C6H14Cl4N2Pt,A2780,5.550000000000001,,trans-Amminetetrachloro(cyclohexylamine)-platinium (IV)
CHEMBL430691,C6H14Cl4N2Pt,CH1,5.37,,trans-Amminetetrachloro(cyclohexylamine)-platinium (IV)
CHEMBL430691,C6H14Cl4N2Pt,SK-OV-3,5.03,,trans-Amminetetrachloro(cyclohexylamine)-platinium (IV)
CHEMBL432005,C10H20Cl2N2O4Pt,41M,5.904999999999999,,AMMONIO(DICHLORO)[DI(METHYLCARBONYLOXY)]PLATINUM(CYCLOHEXYL)AMMONIUM
CHEMBL432005,C10H20Cl2N2O4Pt,A2780,6.02,,AMMONIO(DICHLORO)[DI(METHYLCARBONYLOXY)]PLATINUM(CYCLOHEXYL)AMMONIUM
CHEMBL432005,C10H20Cl2N2O4Pt,CH1,5.890000000000001,,AMMONIO(DICHLORO)[DI(METHYLCARBONYLOXY)]PLATINUM(CYCLOHEXYL)AMMONIUM
CHEMBL432005,C10H20Cl2N2O4Pt,SK-OV-3,5.32,,AMMONIO(DICHLORO)[DI(METHYLCARBONYLOXY)]PLATINUM(CYCLOHEXYL)AMMONIUM
CHEMBL435547,C9H14N2O4Pt,A2780,5.36,,Cis-Platinum (II) Conjugate
CHEMBL441330,C24H25B2F8N5OPt+4,A2780,4.4,,"(2,2':6',2''-terpyridine)platinum (II) complex"
CHEMBL441330,C24H25B2F8N5OPt+4,CH1,4.76,,"(2,2':6',2''-terpyridine)platinum (II) complex"
CHEMBL447841,C12H24O2PtS4,SK-OV-3,4.65,,"2,6-bis(3-methylbutoxy)-1,3,5,7-tetrathia-4-platinaspiro[3.3]heptane"
CHEMBL48208,C28H25N6O4Ru+3,A2780,5.225,,"alpha-[Ru(azpy)2(cbdca-O,O')]"
CHEMBL49397,C24H18N6O6Ru-2,A2780,5.135,,alpha-[Ru(azpy)2(NO3)2]
CHEMBL49677,C24H18Cl2N4Ru+2,A2780,6.04,,alpha-[Ru(azpy)2Cl2]
CHEMBL49789,C25H21N6O4Ru+3,A2780,5.154999999999999,,alpha-[Ru(azpy)2(mal)]
CHEMBL611723,C15H16B2F8N3OPt+,A2780,5.109999999999999,,Platinum complex
CHEMBL611723,C15H16B2F8N3OPt+,CH1,4.85,,Platinum complex
CHEMBL611723,C15H16B2F8N3OPt+,SK-OV-3,5.04,,Platinum complex
CHEMBL611728,C10H13ClF6N2O2PRu,A2780,4.26,,[(nu6-C6H5CO2CH3)RuCl(ethylenediamine)]PF6
CHEMBL6397,C21H18B2F8N4OPt+4,A2780,4.220000000000001,,"(2,2':6',2''-terpyridine)platinum (II) complex"
CHEMBL6397,C21H18B2F8N4OPt+4,CH1,4.9,,"(2,2':6',2''-terpyridine)platinum (II) complex"
CHEMBL6397,C21H18B2F8N4OPt+4,SK-OV-3,4.77,,"(2,2':6',2''-terpyridine)platinum (II) complex"
CHEMBL6477,C21H19B2F8N5Pt+4,A2780,4.64,,"4'-substituted 2,2':6,2''-Terpyridineplatinum (II) Picoline complex"
CHEMBL6477,C21H19B2F8N5Pt+4,CH1,4.78,,"4'-substituted 2,2':6,2''-Terpyridineplatinum (II) Picoline complex"
CHEMBL6477,C21H19B2F8N5Pt+4,SK-OV-3,4.6,,"4'-substituted 2,2':6,2''-Terpyridineplatinum (II) Picoline complex"
CHEMBL6513,C20H15B2F9N4Pt+4,A2780,4.71,,Platinum complex
CHEMBL6513,C20H15B2F9N4Pt+4,CH1,4.77,,Platinum complex
CHEMBL6614,C22H21B2F8N5Pt+4,A2780,4.734999999999999,,"(2,2':6',2''-terpyridine)platinum (II) complex"
CHEMBL6614,C22H21B2F8N5Pt+4,CH1,5.21,,"(2,2':6',2''-terpyridine)platinum (II) complex"
CHEMBL6614,C22H21B2F8N5Pt+4,SK-OV-3,4.89,,"(2,2':6',2''-terpyridine)platinum (II) complex"
CHEMBL6688,C21H17B2BrF8N4Pt+4,A2780,4.33,,Platinum complex
CHEMBL6688,C21H17B2BrF8N4Pt+4,CH1,5.27,,Platinum complex
CHEMBL6688,C21H17B2BrF8N4Pt+4,SK-OV-3,4.3,,Platinum complex
CHEMBL6739,C25H27B2F8N5O2Pt+4,A2780,4.375,,Platinum complex
CHEMBL6739,C25H27B2F8N5O2Pt+4,CH1,4.6850000000000005,,Platinum complex
CHEMBL6739,C25H27B2F8N5O2Pt+4,SK-OV-3,5.75,,Platinum complex
CHEMBL6757,C21H18B2F8N4Pt+4,A2780,4.77,,Platinum complex
CHEMBL6757,C21H18B2F8N4Pt+4,CH1,4.96,,Platinum complex
CHEMBL6757,C21H18B2F8N4Pt+4,SK-OV-3,4.7,,Platinum complex
CHEMBL6763,C20H15B2BrF8N4Pt+4,A2780,5.205,,"(2,2':6',2''-terpyridine)platinum (II) complex"
CHEMBL6763,C20H15B2BrF8N4Pt+4,CH1,5.68,,"(2,2':6',2''-terpyridine)platinum (II) complex"
CHEMBL6763,C20H15B2BrF8N4Pt+4,SK-OV-3,5.04,,"(2,2':6',2''-terpyridine)platinum (II) complex"
CHEMBL6811,C28H24B2F8N4Pt+4,A2780,4.585,,"(2,2':6',2''-terpyridine)platinum (II) complex"
CHEMBL6811,C28H24B2F8N4Pt+4,CH1,5.14,,"(2,2':6',2''-terpyridine)platinum (II) complex"
CHEMBL6811,C28H24B2F8N4Pt+4,SK-OV-3,6.05,,"(2,2':6',2''-terpyridine)platinum (II) complex"
CHEMBL6961,C22H22B2F8N6Pt+4,A2780,4.905,,Platinum complex
CHEMBL6961,C22H22B2F8N6Pt+4,CH1,5.38,,Platinum complex
CHEMBL6961,C22H22B2F8N6Pt+4,SK-OV-3,4.72,,Platinum complex
CHEMBL6963,C15H13B2F8N4Pt+3,A2780,4.785,,"(2,2':6',2''-terpyridine)platinum (II) complex"
CHEMBL6963,C15H13B2F8N4Pt+3,CH1,5.35,,"(2,2':6',2''-terpyridine)platinum (II) complex"
CHEMBL6963,C15H13B2F8N4Pt+3,SK-OV-3,4.82,,"(2,2':6',2''-terpyridine)platinum (II) complex"
CHEMBL72018,C8H16O2PtS4,SK-OV-3,4.324999999999999,,"2,6-dipropoxy-1,3,5,7-tetrathia-4-platinaspiro[3.3]heptane"
CHEMBL72313,C10H20O2PtS4,SK-OV-3,4.355,,"2,6-bis(2-methylpropoxy)-1,3,5,7-tetrathia-4-platinaspiro[3.3]heptane"
CHEMBL72317,C10H16O2PtS4,SK-OV-3,4.095,,"2,6-bis(cyclopropylmethoxy)-1,3,5,7-tetrathia-4-platinaspiro[3.3]heptane"
CHEMBL72640,C12H20O2PtS4,SK-OV-3,4.675,,"2,6-bis(cyclopentyloxy)-1,3,5,7-tetrathia-4-platinaspiro[3.3]heptane"
CHEMBL72641,C10H16O2PtS4,SK-OV-3,4.744999999999999,,"2,6-dicyclobutoxy-1,3,5,7-tetrathia-4-platinaspiro[3.3]heptane"
CHEMBL72647,C12H24O2PtS4,SK-OV-3,4.55,,"2,6-bis(2-methylbutoxy)-1,3,5,7-tetrathia-4-platinaspiro[3.3]heptane"
CHEMBL72867,C6H12O2PtS4,SK-OV-3,4.04,,"2,6-diethoxy-1,3,5,7-tetrathia-4-platinaspiro[3.3]heptane"
CHEMBL73585,C12H24O2PtS4,SK-OV-3,4.345,,"2,6-bis(pentyloxy)-1,3,5,7-tetrathia-4-platinaspiro[3.3]heptane"
CHEMBL75705,C12H24O2PtS4,SK-OV-3,5.199999999999999,,"2,6-bis(pentan-3-yloxy)-1,3,5,7-tetrathia-4-platinaspiro[3.3]heptane"
