chembl_id,chemical_formula,target_name,pIC50,canonical_smiles
CHEMBL102583,C7H18Cl2N2O2Pt,41M,5.72,
CHEMBL102583,C7H18Cl2N2O2Pt,A2780,5.595,
CHEMBL102583,C7H18Cl2N2O2Pt,CH1,5.715,
CHEMBL102583,C7H18Cl2N2O2Pt,SK-OV-3,5.16,
CHEMBL102644,C6H14Br2N2Pt,41M,5.45,
CHEMBL102644,C6H14Br2N2Pt,A2780,5.494999999999999,
CHEMBL102644,C6H14Br2N2Pt,CH1,5.35,
CHEMBL102644,C6H14Br2N2Pt,SK-OV-3,4.94,
CHEMBL103049,C6H16Cl2N2Pt,41M,5.369999999999999,
CHEMBL103049,C6H16Cl2N2Pt,A2780,5.48,
CHEMBL103049,C6H16Cl2N2Pt,CH1,5.380000000000001,
CHEMBL103049,C6H16Cl2N2Pt,SK-OV-3,5.15,
CHEMBL103122,C7H12Cl2N2O2Pt,41M,5.89,
CHEMBL103122,C7H12Cl2N2O2Pt,A2780,5.67,
CHEMBL103122,C7H12Cl2N2O2Pt,CH1,5.84,
CHEMBL103122,C7H12Cl2N2O2Pt,SK-OV-3,5.09,
CHEMBL103347,C7H14Cl2N2Pt,41M,5.835,
CHEMBL103347,C7H14Cl2N2Pt,A2780,6.06,
CHEMBL103347,C7H14Cl2N2Pt,CH1,5.81,
CHEMBL103347,C7H14Cl2N2Pt,SK-OV-3,5.36,
CHEMBL103460,C6H16Br2N2O2Pt,41M,5.725,
CHEMBL103460,C6H16Br2N2O2Pt,A2780,5.645,
CHEMBL103460,C6H16Br2N2O2Pt,CH1,5.675,
CHEMBL103460,C6H16Br2N2O2Pt,SK-OV-3,5.33,
CHEMBL103570,C6H16Cl2N2O2Pt,41M,5.675,
CHEMBL103570,C6H16Cl2N2O2Pt,A2780,5.91,
CHEMBL103570,C6H16Cl2N2O2Pt,CH1,5.83,
CHEMBL103570,C6H16Cl2N2O2Pt,SK-OV-3,5.0,
CHEMBL103721,C7H16Cl2N2Pt,41M,6.215,
CHEMBL103721,C7H16Cl2N2Pt,A2780,5.890000000000001,
CHEMBL103721,C7H16Cl2N2Pt,CH1,6.1899999999999995,
CHEMBL103721,C7H16Cl2N2Pt,SK-OV-3,5.41,
CHEMBL104893,C6H14Cl2N2Pt,41M,6.1850000000000005,
CHEMBL104893,C6H14Cl2N2Pt,A2780,6.16,
CHEMBL104893,C6H14Cl2N2Pt,CH1,6.1899999999999995,
CHEMBL104893,C6H14Cl2N2Pt,SK-OV-3,5.41,
CHEMBL105222,C7H18Cl2N2O2Pt,41M,4.93,
CHEMBL105222,C7H18Cl2N2O2Pt,A2780,5.15,
CHEMBL105222,C7H18Cl2N2O2Pt,CH1,4.915,
CHEMBL105222,C7H18Cl2N2O2Pt,SK-OV-3,4.57,
CHEMBL108133,C6H22Cl2N6Pt2+2,41M,5.734999999999999,
CHEMBL108133,C6H22Cl2N6Pt2+2,A2780,6.26,
CHEMBL108133,C6H22Cl2N6Pt2+2,CH1,6.26,
CHEMBL108133,C6H22Cl2N6Pt2+2,SK-OV-3,4.4399999999999995,
CHEMBL111089,C6H20Cl3N5Pt2,41M,5.755,
CHEMBL111089,C6H20Cl3N5Pt2,A2780,6.51,
CHEMBL111089,C6H20Cl3N5Pt2,CH1,6.265,
CHEMBL111089,C6H20Cl3N5Pt2,SK-OV-3,4.63,
CHEMBL1169454,C36H30N4O8Pt+2,A2780,6.275,
CHEMBL1169454,C36H30N4O8Pt+2,CH1,6.34,
CHEMBL118385,C12H8AuCl2N2+2,A2780,5.4399999999999995,
CHEMBL1351,C6H12N2O4Pt,A2780,5.09,
CHEMBL1351,C6H12N2O4Pt,CH1,5.215,
CHEMBL1351,C6H12N2O4Pt,SK-OV-3,4.7,
CHEMBL146966,C11H12AuN3S2+,A2780,5.140000000000001,
CHEMBL146966,C11H12AuN3S2+,CH1,4.98,
CHEMBL146966,C11H12AuN3S2+,SK-OV-3,4.555,
CHEMBL147203,C10H21N3O8P2Pt+,CH1,4.485,
CHEMBL148800,C10H16Cl2N3Pt+,41M,4.35,
CHEMBL148800,C10H16Cl2N3Pt+,A2780,5.0,
CHEMBL148800,C10H16Cl2N3Pt+,CH1,4.59,
CHEMBL149255,C11H12AuNO4+,A2780,4.945,
CHEMBL149255,C11H12AuNO4+,CH1,4.925,
CHEMBL149255,C11H12AuNO4+,SK-OV-3,4.6899999999999995,
CHEMBL150105,C13H18AuNO4+,A2780,4.96,
CHEMBL150105,C13H18AuNO4+,CH1,4.9399999999999995,
CHEMBL150105,C13H18AuNO4+,SK-OV-3,4.89,
CHEMBL1627729,C33H50Cl2N2O3Pt,A2780,5.23,
CHEMBL1627731,C35H54Cl2N2O3Pt,A2780,5.0,
CHEMBL1627733,C30H44Cl2N2O3Pt,A2780,4.82,
CHEMBL1627734,C34H52Cl2N2O3Pt,A2780,5.595000000000001,
CHEMBL1627737,C32H48Cl2N2O3Pt,A2780,5.43,
CHEMBL1627738,C31H46Cl2N2O3Pt,A2780,4.78,
CHEMBL1627740,C29H42Cl2N2O3Pt,A2780,4.57,
CHEMBL1627993,C36H56Cl2N2O3Pt,A2780,5.705,
CHEMBL164788,C14H24Cl2N2O4Pt,A2780,5.4,
CHEMBL174577,C12H22ClF6N2PRu,A2780,5.05,
CHEMBL174682,C12H22F6IN2PRu,A2780,5.1,
CHEMBL174841,C14H18ClF6N2PRu,A2780,5.22,
CHEMBL175093,C8H14ClF6N2PRu,A2780,4.77,
CHEMBL175505,C6H12Cl2N2Pt,A2780,5.1,
CHEMBL175535,C9H18N2O4Pt+2,A2780,5.64,
CHEMBL175844,C12H22N2O4Pt+2,A2780,5.33,
CHEMBL176766,C12H18N2O4Pt,A2780,5.6,
CHEMBL177920,C8H12N2O4Pt,A2780,5.04,
CHEMBL177971,C6H16Cl2N2Pt+2,A2780,4.955,
CHEMBL179236,C6H14Cl2N2Pt+2,A2780,4.995,
CHEMBL186705,C6H8Cl2N2Pt+2,A2780,5.38,
CHEMBL187543,C21H15Cl3N6Ru,SK-OV-3,5.58,
CHEMBL190065,C14H10Cl4N4Ru-,SK-OV-3,4.18,
CHEMBL194376,C13H16N2O4Pt,41M,4.66,
CHEMBL194376,C13H16N2O4Pt,A2780,4.89,
CHEMBL194376,C13H16N2O4Pt,CH1,4.77,
CHEMBL196628,C14H16N2O4Pt,41M,4.85,
CHEMBL196628,C14H16N2O4Pt,A2780,4.89,
CHEMBL196628,C14H16N2O4Pt,CH1,4.72,
CHEMBL2068288,C12H20N2O5Pt,SK-OV-3,4.2,
CHEMBL2068310,C8H20Cl4N2O2Pt,A2780,5.66,
CHEMBL2068310,C8H20Cl4N2O2Pt,SK-OV-3,5.4,
CHEMBL2068312,C8H16Cl2N2O5Pt,A2780,5.55,
CHEMBL2068312,C8H16Cl2N2O5Pt,SK-OV-3,4.62,
CHEMBL2068314,C8H16Cl2N2O6Pt,SK-OV-3,5.0,
CHEMBL2068316,C6H16Cl4N2O2Pt,A2780,5.8,
CHEMBL2068316,C6H16Cl4N2O2Pt,SK-OV-3,5.0,
CHEMBL2068372,C7H17Cl2N3Pt,41M,4.42,
CHEMBL2068372,C7H17Cl2N3Pt,A2780,4.85,
CHEMBL2068372,C7H17Cl2N3Pt,CH1,4.65,
CHEMBL2068376,C8H19Cl2N3Pt,41M,4.41,
CHEMBL2068376,C8H19Cl2N3Pt,A2780,4.8,
CHEMBL2068376,C8H19Cl2N3Pt,CH1,4.744999999999999,
CHEMBL2068447,C14H24N2O5Pt,SK-OV-3,4.11,
CHEMBL2068449,C14H20N2O5Pt,SK-OV-3,4.38,
CHEMBL2068452,C8H20Cl2N2O2Pt,SK-OV-3,4.64,
CHEMBL2068454,C6H16Cl2N2O2Pt,SK-OV-3,4.7,
CHEMBL2068458,C10H20Cl2N2O6Pt,SK-OV-3,4.66,
CHEMBL2068480,C8H18Cl2N4Pt,41M,4.37,
CHEMBL2068480,C8H18Cl2N4Pt,A2780,4.77,
CHEMBL2068480,C8H18Cl2N4Pt,CH1,4.43,
CHEMBL2068496,C9H19Cl2N3Pt,41M,4.43,
CHEMBL2068496,C9H19Cl2N3Pt,A2780,4.75,
CHEMBL2068496,C9H19Cl2N3Pt,CH1,4.365,
CHEMBL2068551,C8H12N2O5Pt,SK-OV-3,4.39,
CHEMBL2068563,C10H16N2O5Pt,SK-OV-3,4.43,
CHEMBL213916,C50H42N18O18Pt3+10,A2780,5.734999999999999,
CHEMBL213916,C50H42N18O18Pt3+10,CH1,5.85,
CHEMBL213916,C50H42N18O18Pt3+10,SK-OV-3,5.29,
CHEMBL2146185,C15H11B2ClF8N3Pt-,A2780,4.35,
CHEMBL2146185,C15H11B2ClF8N3Pt-,CH1,5.19,
CHEMBL2146185,C15H11B2ClF8N3Pt-,SK-OV-3,4.71,
CHEMBL2146195,C30H26Cl2N4O4Pt,A2780,6.35,
CHEMBL2146195,C30H26Cl2N4O4Pt,CH1,6.46,
CHEMBL2146196,C8H16Cl2N2O2Pt,SK-OV-3,5.11,
CHEMBL217343,C42H32B4F16N8Pt2+8,A2780,5.71,
CHEMBL217343,C42H32B4F16N8Pt2+8,CH1,5.87,
CHEMBL217343,C42H32B4F16N8Pt2+8,SK-OV-3,5.89,
CHEMBL217630,C48H46B4F16N12O2Pt2+8,A2780,4.5600000000000005,
CHEMBL217630,C48H46B4F16N12O2Pt2+8,CH1,4.38,
CHEMBL217630,C48H46B4F16N12O2Pt2+8,SK-OV-3,4.01,
CHEMBL262033,C44H30N12O12Pt2+8,A2780,5.725,
CHEMBL262033,C44H30N12O12Pt2+8,CH1,6.14,
CHEMBL262033,C44H30N12O12Pt2+8,SK-OV-3,5.77,
CHEMBL264844,C56H36Cl2N12O12Pt2+8,A2780,4.985,
CHEMBL264844,C56H36Cl2N12O12Pt2+8,CH1,5.555,
CHEMBL264844,C56H36Cl2N12O12Pt2+8,SK-OV-3,5.66,
CHEMBL265995,C40H30N12O12Pt2+8,A2780,5.02,
CHEMBL265995,C40H30N12O12Pt2+8,CH1,5.81,
CHEMBL265995,C40H30N12O12Pt2+8,SK-OV-3,5.51,
CHEMBL266168,C23H21B2F8N5Pt+4,A2780,4.23,
CHEMBL266168,C23H21B2F8N5Pt+4,CH1,4.87,
CHEMBL266168,C23H21B2F8N5Pt+4,SK-OV-3,4.1,
CHEMBL266471,C27H21B2BrF8N4Pt+4,A2780,4.470000000000001,
CHEMBL266471,C27H21B2BrF8N4Pt+4,CH1,5.3,
CHEMBL266733,C22H18B2F8N4OPt+4,A2780,5.175000000000001,
CHEMBL266733,C22H18B2F8N4OPt+4,CH1,5.66,
CHEMBL266733,C22H18B2F8N4OPt+4,SK-OV-3,4.96,
CHEMBL267638,C21H20B2F8N6Pt+4,A2780,4.48,
CHEMBL267638,C21H20B2F8N6Pt+4,CH1,4.515000000000001,
CHEMBL267704,C20H15B2F9N4Pt+4,A2780,4.67,
CHEMBL267704,C20H15B2F9N4Pt+4,CH1,4.85,
CHEMBL268353,C18H14B2F8N4PtS+4,A2780,4.73,
CHEMBL268353,C18H14B2F8N4PtS+4,CH1,4.77,
CHEMBL269099,C21H17B2ClF8N4Pt+4,A2780,4.84,
CHEMBL269099,C21H17B2ClF8N4Pt+4,CH1,5.2,
CHEMBL269099,C21H17B2ClF8N4Pt+4,SK-OV-3,5.25,
CHEMBL269100,C22H20B2F8N4OPt+4,A2780,4.3100000000000005,
CHEMBL269100,C22H20B2F8N4OPt+4,CH1,4.81,
CHEMBL269100,C22H20B2F8N4OPt+4,SK-OV-3,4.35,
CHEMBL295047,C23H20Cl3N8O6Ru-,A2780,4.965,
CHEMBL295087,C19H18AuF6N2OP+,A2780,5.285,
CHEMBL295087,C19H18AuF6N2OP+,SK-OV-3,4.88,
CHEMBL295522,C10H10AuF6N2O2P+,A2780,4.84,
CHEMBL295522,C10H10AuF6N2O2P+,SK-OV-3,4.46,
CHEMBL298410,C23H20Cl5N6Ru+3,A2780,5.47,
CHEMBL300621,C24H19N6O4Ru+3,A2780,5.2,
CHEMBL308963,C10H20O2PtS4,SK-OV-3,4.265000000000001,
CHEMBL309353,C14H24O2PtS4,SK-OV-3,4.984999999999999,
CHEMBL3142753,C17H28Cl2N5O10PPt,A2780,4.8,
CHEMBL3142753,C17H28Cl2N5O10PPt,SK-OV-3,4.12,
CHEMBL3142754,C42H50Cl2N5O14PPt,A2780,5.4,
CHEMBL3142754,C42H50Cl2N5O14PPt,SK-OV-3,4.62,
CHEMBL317255,C7H16Cl2N2Pt,A2780,4.58,
CHEMBL319263,C8H22Cl2N2O2Pt,41M,6.16,
CHEMBL319263,C8H22Cl2N2O2Pt,A2780,6.03,
CHEMBL319263,C8H22Cl2N2O2Pt,CH1,6.35,
CHEMBL319263,C8H22Cl2N2O2Pt,SK-OV-3,5.75,
CHEMBL319686,C12H26Cl2N2O2Pt,41M,6.01,
CHEMBL319686,C12H26Cl2N2O2Pt,A2780,5.8,
CHEMBL319686,C12H26Cl2N2O2Pt,CH1,6.24,
CHEMBL319686,C12H26Cl2N2O2Pt,SK-OV-3,5.6,
CHEMBL320447,C7H16Cl2N2Pt,41M,5.695,
CHEMBL320447,C7H16Cl2N2Pt,A2780,5.615,
CHEMBL320447,C7H16Cl2N2Pt,CH1,5.35,
CHEMBL320447,C7H16Cl2N2Pt,SK-OV-3,5.0,
CHEMBL320638,C10H22Cl2N2Pt,41M,6.115,
CHEMBL320638,C10H22Cl2N2Pt,A2780,6.125,
CHEMBL320638,C10H22Cl2N2Pt,CH1,6.525,
CHEMBL320638,C10H22Cl2N2Pt,SK-OV-3,5.82,
CHEMBL321706,C17H14B2F8N4Pt+4,A2780,4.15,
CHEMBL321706,C17H14B2F8N4Pt+4,CH1,4.75,
CHEMBL322013,C7H18Cl2N2O2Pt,41M,5.869999999999999,
CHEMBL322013,C7H18Cl2N2O2Pt,A2780,5.904999999999999,
CHEMBL322013,C7H18Cl2N2O2Pt,CH1,5.865,
CHEMBL322013,C7H18Cl2N2O2Pt,SK-OV-3,5.41,
CHEMBL322197,C7H16Cl4N2Pt,41M,4.79,
CHEMBL322197,C7H16Cl4N2Pt,A2780,4.824999999999999,
CHEMBL322197,C7H16Cl4N2Pt,CH1,4.81,
CHEMBL322197,C7H16Cl4N2Pt,SK-OV-3,4.54,
CHEMBL323516,C12H26Cl2N4O4Pt,41M,5.29,
CHEMBL323516,C12H26Cl2N4O4Pt,A2780,5.234999999999999,
CHEMBL323516,C12H26Cl2N4O4Pt,CH1,5.295,
CHEMBL323516,C12H26Cl2N4O4Pt,SK-OV-3,4.72,
CHEMBL324865,C18H14B2F8N5Pt+3,A2780,4.77,
CHEMBL324865,C18H14B2F8N5Pt+3,CH1,4.81,
CHEMBL326518,C15H11AuClN3+3,A2780,6.5649999999999995,
CHEMBL332792,C10H20AuN4,A2780,4.0,
CHEMBL347085,C12H14AuNO4+,A2780,5.1850000000000005,
CHEMBL347085,C12H14AuNO4+,CH1,5.525,
CHEMBL347085,C12H14AuNO4+,SK-OV-3,4.74,
CHEMBL34868,C7H10Cl2N2Pt+2,A2780,5.16,
CHEMBL358664,C9H12AuCl2N+,A2780,4.71,
CHEMBL358664,C9H12AuCl2N+,CH1,4.775,
CHEMBL358664,C9H12AuCl2N+,SK-OV-3,4.35,
CHEMBL365925,C28H20Cl2N8Ru+,SK-OV-3,6.2,
CHEMBL368464,C16H22ClF6N2PRu,A2780,5.22,
CHEMBL368607,C9H16N2O4Pt+2,A2780,5.64,
CHEMBL368608,C12H20N2O4Pt+2,A2780,5.43,
CHEMBL370881,C13H16N2O4Pt,41M,4.66,
CHEMBL370881,C13H16N2O4Pt,A2780,4.89,
CHEMBL370881,C13H16N2O4Pt,CH1,4.7,
CHEMBL371997,C7H5Cl5N2Ru-2,SK-OV-3,4.46,
CHEMBL385413,C40H28Cl2N12O12Pt2+8,A2780,4.73,
CHEMBL385413,C40H28Cl2N12O12Pt2+8,CH1,6.16,
CHEMBL385413,C40H28Cl2N12O12Pt2+8,SK-OV-3,5.89,
CHEMBL405707,C42H32N12O12Pt2+8,A2780,4.96,
CHEMBL405707,C42H32N12O12Pt2+8,CH1,5.69,
CHEMBL405707,C42H32N12O12Pt2+8,SK-OV-3,5.46,
CHEMBL407341,C44H28Cl2N12O12Pt2+8,A2780,6.1899999999999995,
CHEMBL407341,C44H28Cl2N12O12Pt2+8,CH1,5.824999999999999,
CHEMBL407341,C44H28Cl2N12O12Pt2+8,SK-OV-3,5.85,
CHEMBL410609,C50H32Cl2N12O12Pt2+8,A2780,5.25,
CHEMBL410609,C50H32Cl2N12O12Pt2+8,CH1,5.67,
CHEMBL410609,C50H32Cl2N12O12Pt2+8,SK-OV-3,5.75,
CHEMBL413296,C14H28O2PtS4,SK-OV-3,4.609999999999999,
CHEMBL414155,C50H50B4F16N12O2Pt2+8,A2780,4.875,
CHEMBL414155,C50H50B4F16N12O2Pt2+8,CH1,4.32,
CHEMBL414804,C8H12N2O4Pt,A2780,5.18,
CHEMBL414804,C8H12N2O4Pt,CH1,6.57,
CHEMBL415294,C20H16B2F8N4Pt+4,A2780,4.4,
CHEMBL415294,C20H16B2F8N4Pt+4,CH1,4.76,
CHEMBL415294,C20H16B2F8N4Pt+4,SK-OV-3,4.62,
CHEMBL415807,C50H40Cl2N18O18Pt3+10,A2780,4.78,
CHEMBL415807,C50H40Cl2N18O18Pt3+10,CH1,6.26,
CHEMBL415807,C50H40Cl2N18O18Pt3+10,SK-OV-3,5.77,
CHEMBL419256,C8H16O2PtS4,SK-OV-3,4.665,
CHEMBL427115,C8H14F6IN2PRu,A2780,4.7,
CHEMBL430691,C6H14Cl4N2Pt,41M,5.449999999999999,
CHEMBL430691,C6H14Cl4N2Pt,A2780,5.550000000000001,
CHEMBL430691,C6H14Cl4N2Pt,CH1,5.37,
CHEMBL430691,C6H14Cl4N2Pt,SK-OV-3,5.03,
CHEMBL432005,C10H20Cl2N2O4Pt,41M,5.904999999999999,
CHEMBL432005,C10H20Cl2N2O4Pt,A2780,6.02,
CHEMBL432005,C10H20Cl2N2O4Pt,CH1,5.890000000000001,
CHEMBL432005,C10H20Cl2N2O4Pt,SK-OV-3,5.32,
CHEMBL435547,C9H14N2O4Pt,A2780,5.36,
CHEMBL441330,C24H25B2F8N5OPt+4,A2780,4.4,
CHEMBL441330,C24H25B2F8N5OPt+4,CH1,4.76,
CHEMBL447841,C12H24O2PtS4,SK-OV-3,4.65,
CHEMBL48208,C28H25N6O4Ru+3,A2780,5.225,
CHEMBL49397,C24H18N6O6Ru-2,A2780,5.135,
CHEMBL49677,C24H18Cl2N4Ru+2,A2780,6.04,
CHEMBL49789,C25H21N6O4Ru+3,A2780,5.154999999999999,
CHEMBL611723,C15H16B2F8N3OPt+,A2780,5.109999999999999,
CHEMBL611723,C15H16B2F8N3OPt+,CH1,4.85,
CHEMBL611723,C15H16B2F8N3OPt+,SK-OV-3,5.04,
CHEMBL611728,C10H13ClF6N2O2PRu,A2780,4.26,
CHEMBL6397,C21H18B2F8N4OPt+4,A2780,4.220000000000001,
CHEMBL6397,C21H18B2F8N4OPt+4,CH1,4.9,
CHEMBL6397,C21H18B2F8N4OPt+4,SK-OV-3,4.77,
CHEMBL6477,C21H19B2F8N5Pt+4,A2780,4.64,
CHEMBL6477,C21H19B2F8N5Pt+4,CH1,4.78,
CHEMBL6477,C21H19B2F8N5Pt+4,SK-OV-3,4.6,
CHEMBL6513,C20H15B2F9N4Pt+4,A2780,4.71,
CHEMBL6513,C20H15B2F9N4Pt+4,CH1,4.77,
CHEMBL6614,C22H21B2F8N5Pt+4,A2780,4.734999999999999,
CHEMBL6614,C22H21B2F8N5Pt+4,CH1,5.21,
CHEMBL6614,C22H21B2F8N5Pt+4,SK-OV-3,4.89,
CHEMBL6688,C21H17B2BrF8N4Pt+4,A2780,4.33,
CHEMBL6688,C21H17B2BrF8N4Pt+4,CH1,5.27,
CHEMBL6688,C21H17B2BrF8N4Pt+4,SK-OV-3,4.3,
CHEMBL6739,C25H27B2F8N5O2Pt+4,A2780,4.375,
CHEMBL6739,C25H27B2F8N5O2Pt+4,CH1,4.6850000000000005,
CHEMBL6739,C25H27B2F8N5O2Pt+4,SK-OV-3,5.75,
CHEMBL6757,C21H18B2F8N4Pt+4,A2780,4.77,
CHEMBL6757,C21H18B2F8N4Pt+4,CH1,4.96,
CHEMBL6757,C21H18B2F8N4Pt+4,SK-OV-3,4.7,
CHEMBL6763,C20H15B2BrF8N4Pt+4,A2780,5.205,
CHEMBL6763,C20H15B2BrF8N4Pt+4,CH1,5.68,
CHEMBL6763,C20H15B2BrF8N4Pt+4,SK-OV-3,5.04,
CHEMBL6811,C28H24B2F8N4Pt+4,A2780,4.585,
CHEMBL6811,C28H24B2F8N4Pt+4,CH1,5.14,
CHEMBL6811,C28H24B2F8N4Pt+4,SK-OV-3,6.05,
CHEMBL6961,C22H22B2F8N6Pt+4,A2780,4.905,
CHEMBL6961,C22H22B2F8N6Pt+4,CH1,5.38,
CHEMBL6961,C22H22B2F8N6Pt+4,SK-OV-3,4.72,
CHEMBL6963,C15H13B2F8N4Pt+3,A2780,4.785,
CHEMBL6963,C15H13B2F8N4Pt+3,CH1,5.35,
CHEMBL6963,C15H13B2F8N4Pt+3,SK-OV-3,4.82,
CHEMBL72018,C8H16O2PtS4,SK-OV-3,4.324999999999999,
CHEMBL72313,C10H20O2PtS4,SK-OV-3,4.355,
CHEMBL72317,C10H16O2PtS4,SK-OV-3,4.095,
CHEMBL72640,C12H20O2PtS4,SK-OV-3,4.675,
CHEMBL72641,C10H16O2PtS4,SK-OV-3,4.744999999999999,
CHEMBL72647,C12H24O2PtS4,SK-OV-3,4.55,
CHEMBL72867,C6H12O2PtS4,SK-OV-3,4.04,
CHEMBL73585,C12H24O2PtS4,SK-OV-3,4.345,
CHEMBL75705,C12H24O2PtS4,SK-OV-3,5.199999999999999,
