chembl_id,chemical_formula,pIC50,count_C,count_H,count_N,count_O,count_S,count_Cl,count_Br,count_F,count_I,metal_mass,metal_ionic_radius,metal_electronegativity,expected_coordination_num,is_Ruthenium,is_Rhodium,is_Platinum,unsaturation_index,N_C_ratio,O_C_ratio,calculated_molecular_weight
CHEMBL100222,C24H23Cl2N4O3PtS+,6.23,24,23,4,3,1,2,0,0,0,195.084,80,2.28,4,0,0,1,15.5,0.1666666666666666,0.125,713.5169999999999
CHEMBL102514,C22H29Cl3N5OPt+,6.17,22,29,5,1,0,3,0,0,0,195.084,80,2.28,4,0,0,1,11.0,0.2272727272727272,0.0454545454545454,680.942
CHEMBL102583,C7H18Cl2N2O2Pt,5.39,7,18,2,2,0,2,0,0,0,195.084,80,2.28,4,0,0,1,0.0,0.2857142857142857,0.2857142857142857,428.217
CHEMBL102644,C6H14Br2N2Pt,4.96,6,14,2,0,0,0,2,0,0,195.084,80,2.28,4,0,0,1,1.0,0.3333333333333333,0.0,469.084
CHEMBL103049,C6H16Cl2N2Pt,5.32,6,16,2,0,0,2,0,0,0,195.084,80,2.28,4,0,0,1,0.0,0.3333333333333333,0.0,382.192
CHEMBL103122,C7H12Cl2N2O2Pt,4.99,7,12,2,2,0,2,0,0,0,195.084,80,2.28,4,0,0,1,3.0,0.2857142857142857,0.2857142857142857,422.169
CHEMBL103347,C7H14Cl2N2Pt,5.25,7,14,2,0,0,2,0,0,0,195.084,80,2.28,4,0,0,1,2.0,0.2857142857142857,0.0,392.187
CHEMBL103460,C6H16Br2N2O2Pt,5.5,6,16,2,2,0,0,2,0,0,195.084,80,2.28,4,0,0,1,0.0,0.3333333333333333,0.3333333333333333,503.098
CHEMBL103570,C6H16Cl2N2O2Pt,5.36,6,16,2,2,0,2,0,0,0,195.084,80,2.28,4,0,0,1,0.0,0.3333333333333333,0.3333333333333333,414.18999999999994
CHEMBL103721,C7H16Cl2N2Pt,5.66,7,16,2,0,0,2,0,0,0,195.084,80,2.28,4,0,0,1,1.0,0.2857142857142857,0.0,394.203
CHEMBL104893,C6H14Cl2N2Pt,5.7,6,14,2,0,0,2,0,0,0,195.084,80,2.28,4,0,0,1,1.0,0.3333333333333333,0.0,380.176
CHEMBL106160,C10H20N3O2ReS2+,4.96,10,20,3,2,2,0,0,0,0,186.207,63,1.9,6,0,0,0,2.5,0.3,0.2,464.616
CHEMBL108133,C6H22Cl2N6Pt2+2,4.82,6,22,6,0,0,2,0,0,0,195.084,80,2.28,4,0,0,1,-1.0,1.0,0.0,639.352
CHEMBL108271,C11H22N3O2ReS2+,4.58,11,22,3,2,2,0,0,0,0,186.207,63,1.9,6,0,0,0,2.5,0.2727272727272727,0.1818181818181818,478.643
CHEMBL108272,C13H26N3O2ReS2+,5.11,13,26,3,2,2,0,0,0,0,186.207,63,1.9,6,0,0,0,2.5,0.2307692307692307,0.1538461538461538,506.697
CHEMBL111089,C6H20Cl3N5Pt2,4.51,6,20,5,0,0,3,0,0,0,195.084,80,2.28,4,0,0,1,-0.5,0.8333333333333334,0.0,658.7790000000001
CHEMBL1159457,C32H51Au2O17PS,5.22,32,51,0,17,1,0,0,0,0,196.967,137,2.54,2,0,0,0,7.5,0.0,0.53125,1133.737
CHEMBL1169454,C36H30N4O8Pt+2,6.55,36,30,4,8,0,0,0,0,0,195.084,80,2.28,4,0,0,1,24.0,0.1111111111111111,0.2222222222222222,841.74
CHEMBL117179,C24H30Cl2N3O4ReS2+,7.22,24,30,3,4,2,2,0,0,0,186.207,63,1.9,6,0,0,0,11.5,0.125,0.1666666666666666,745.7479999999999
CHEMBL117362,C24H31FN3O4ReS2+,5.46,24,31,3,4,2,0,0,1,0,186.207,63,1.9,6,0,0,0,11.0,0.125,0.1666666666666666,694.854
CHEMBL117698,C25H34Cl2N3O3ReS2+,8.28,25,34,3,3,2,2,0,0,0,186.207,63,1.9,6,0,0,0,10.5,0.12,0.12,745.7919999999999
CHEMBL117703,C25H32Cl2N3O3ReS2+,5.92,25,32,3,3,2,2,0,0,0,186.207,63,1.9,6,0,0,0,11.5,0.12,0.12,743.7759999999998
CHEMBL117991,C19H24ClN3O3PtS+2,6.37,19,24,3,3,1,1,0,0,0,195.084,80,2.28,4,0,0,1,9.5,0.1578947368421052,0.1578947368421052,605.0130000000001
CHEMBL118075,C24H32Cl2N3O4ReS2+,7.43,24,32,3,4,2,2,0,0,0,186.207,63,1.9,6,0,0,0,10.5,0.125,0.1666666666666666,747.7639999999999
CHEMBL118385,C12H8AuCl2N2+2,5.42,12,8,2,0,0,2,0,0,0,196.967,137,2.54,2,0,0,0,10.0,0.1666666666666666,0.0,448.0770000000001
CHEMBL119561,C24H33FN3O4ReS2+,8.22,24,33,3,4,2,0,0,1,0,186.207,63,1.9,6,0,0,0,10.0,0.125,0.1666666666666666,696.87
CHEMBL119728,C25H36FN4O4ReS2+,7.39,25,36,4,4,2,0,0,1,0,186.207,63,1.9,6,0,0,0,10.0,0.16,0.16,725.912
CHEMBL1200662,C34H32ClFeN4O4,4.45,34,32,4,4,0,1,0,0,0,55.845,61,1.83,6,0,0,0,21.0,0.1176470588235294,0.1176470588235294,651.949
CHEMBL1201055,C8H14N2O4Pt,4.32,8,14,2,4,0,0,0,0,0,195.084,80,2.28,4,0,0,1,3.0,0.25,0.5,397.294
CHEMBL1202384,C19H26Cl2N4OPt+2,6.0,19,26,4,1,0,2,0,0,0,195.084,80,2.28,4,0,0,1,9.0,0.2105263157894736,0.0526315789473684,592.428
CHEMBL1202385,C15H16Cl2N4OPt+2,4.96,15,16,4,1,0,2,0,0,0,195.084,80,2.28,4,0,0,1,10.0,0.2666666666666666,0.0666666666666666,534.3040000000001
CHEMBL1202524,C20H53AuClF6P5,4.77,20,53,0,0,0,1,0,6,0,196.967,137,2.54,2,0,0,0,-5.5,0.0,0.0,640.049
CHEMBL12237,C26H36Cl2N3Rh+,7.14,26,36,3,0,0,2,0,0,0,102.906,65,2.28,6,0,1,0,10.5,0.1153846153846153,0.0,564.4010000000001
CHEMBL12351,C36H52Cl6N6Ru2+4,7.75,36,52,6,0,0,6,0,0,0,101.07,74,2.2,6,1,0,0,14.0,0.1666666666666666,0.0,983.694
CHEMBL13012,C22H18ClN3OPtS+3,5.0,22,18,3,1,1,1,0,0,0,195.084,80,2.28,4,0,0,1,15.5,0.1363636363636363,0.0454545454545454,603.0
CHEMBL1320030,C8H12N2O4Pt,4.85,8,12,2,4,0,0,0,0,0,195.084,80,2.28,4,0,0,1,4.0,0.25,0.5,395.278
CHEMBL1332921,C12H20N2NiO6,6.0,12,20,2,6,0,0,0,0,0,58.693,69,1.91,4,0,0,0,4.0,0.1666666666666666,0.5,346.993
CHEMBL1334965,C10H22Cl6N2O2Pt,5.5,10,22,2,2,0,6,0,0,0,195.084,80,2.28,4,0,0,1,1.0,0.2,0.2,610.082
CHEMBL13382,C21H15ClN4O2PtS+3,4.89,21,15,4,2,1,1,0,0,0,195.084,80,2.28,4,0,0,1,16.5,0.1904761904761904,0.0952380952380952,617.971
CHEMBL1341902,C22H28FeN2,4.55,22,28,2,0,0,0,0,0,0,55.845,61,1.83,6,0,0,0,10.0,0.0909090909090909,0.0,376.325
CHEMBL13457,C13H18Cl2N4OPt-,4.37,13,18,4,1,0,2,0,0,0,195.084,80,2.28,4,0,0,1,7.0,0.3076923076923077,0.0769230769230769,512.298
CHEMBL134606,C13H13AuN2O2,6.68,13,13,2,2,0,0,0,0,0,196.967,137,2.54,2,0,0,0,8.5,0.1538461538461538,0.1538461538461538,426.226
CHEMBL1351,C6H12N2O4Pt,5.52,6,12,2,4,0,0,0,0,0,195.084,80,2.28,4,0,0,1,2.0,0.3333333333333333,0.6666666666666666,371.256
CHEMBL135367,C14H15AuN2O2,7.38,14,15,2,2,0,0,0,0,0,196.967,137,2.54,2,0,0,0,8.5,0.1428571428571428,0.1428571428571428,440.253
CHEMBL1359148,C6H11AuO5S,4.73,6,11,0,5,1,0,0,0,0,196.967,137,2.54,2,0,0,0,1.5,0.0,0.8333333333333334,392.176
CHEMBL13655,C25H18ClN3PtS+3,5.3,25,18,3,0,1,1,0,0,0,195.084,80,2.28,4,0,0,1,18.5,0.12,0.0,623.0339999999999
CHEMBL1366,C20H34AuO9PS,5.77,20,34,0,9,1,0,0,0,0,196.967,137,2.54,2,0,0,0,4.0,0.0,0.45,647.51
CHEMBL13704,C13H18Cl2N4Pt-,5.05,13,18,4,0,0,2,0,0,0,195.084,80,2.28,4,0,0,1,7.0,0.3076923076923077,0.0,496.299
CHEMBL13744,C12H10Cl2Pt,4.64,12,10,0,0,0,2,0,0,0,195.084,80,2.28,4,0,0,1,8.0,0.0,0.0,420.196
CHEMBL137784,C20H29ClN3OReS2+,8.07,20,29,3,1,2,1,0,0,0,186.207,63,1.9,6,0,0,0,8.0,0.15,0.05,613.249
CHEMBL1381931,C45H36FeN2,4.21,45,36,2,0,0,0,0,0,0,55.845,61,1.83,6,0,0,0,29.0,0.0444444444444444,0.0,660.642
CHEMBL1395457,C38H30Au2N8P2-4,5.8,38,30,8,0,0,0,0,0,0,196.967,137,2.54,2,0,0,0,28.0,0.2105263157894736,0.0,992.648
CHEMBL1395758,C12H14Cl4N2O2Pt-2,5.4,12,14,2,2,0,4,0,0,0,195.084,80,2.28,4,0,0,1,7.0,0.1666666666666666,0.1666666666666666,555.1400000000001
CHEMBL1396916,C26H28ClN4O4PRh-7,5.8,26,28,4,4,0,1,0,0,0,102.906,65,2.28,6,0,1,0,15.0,0.1538461538461538,0.1538461538461538,598.8900000000001
CHEMBL1425520,C10H10Co,4.5,10,10,0,0,0,0,0,0,0,58.933,65,1.88,6,0,0,0,6.0,0.0,0.0,189.123
CHEMBL142618,C12H14Cl2N2Pt+2,4.31,12,14,2,0,0,2,0,0,0,195.084,80,2.28,4,0,0,1,7.0,0.1666666666666666,0.0,452.2420000000001
CHEMBL142978,C6H10Cl2N2Pt+2,4.31,6,10,2,0,0,2,0,0,0,195.084,80,2.28,4,0,0,1,3.0,0.3333333333333333,0.0,376.144
CHEMBL1433499,C12H10Cl4N2O4Pt-2,6.0,12,10,2,4,0,4,0,0,0,195.084,80,2.28,4,0,0,1,9.0,0.1666666666666666,0.3333333333333333,583.106
CHEMBL1466409,C10H10Fe,8.8,10,10,0,0,0,0,0,0,0,55.845,61,1.83,6,0,0,0,6.0,0.0,0.0,186.035
CHEMBL146966,C11H12AuN3S2+,4.29,11,12,3,0,2,0,0,0,0,196.967,137,2.54,2,0,0,0,7.5,0.2727272727272727,0.0,447.325
CHEMBL147203,C10H21N3O8P2Pt+,4.69,10,21,3,8,0,0,0,0,0,195.084,80,2.28,4,0,0,1,2.0,0.3,0.8,506.375
CHEMBL147416,C10H18Cl2N3Pt+3,5.26,10,18,3,0,0,2,0,0,0,195.084,80,2.28,4,0,0,1,3.5,0.3,0.0,446.259
CHEMBL1484870,C8H18ClNO2PtS-2,5.5,8,18,1,2,1,1,0,0,0,195.084,80,2.28,4,0,0,1,0.5,0.125,0.25,422.831
CHEMBL148734,C11H18Cl2N2Pt+2,5.35,11,18,2,0,0,2,0,0,0,195.084,80,2.28,4,0,0,1,4.0,0.1818181818181818,0.0,444.263
CHEMBL148800,C10H16Cl2N3Pt+,5.0,10,16,3,0,0,2,0,0,0,195.084,80,2.28,4,0,0,1,4.5,0.3,0.0,444.24299999999994
CHEMBL149255,C11H12AuNO4+,4.39,11,12,1,4,0,0,0,0,0,196.967,137,2.54,2,0,0,0,6.5,0.0909090909090909,0.3636363636363636,419.1869999999999
CHEMBL150105,C13H18AuNO4+,4.35,13,18,1,4,0,0,0,0,0,196.967,137,2.54,2,0,0,0,5.5,0.0769230769230769,0.3076923076923077,449.257
CHEMBL150157,C19H23Cl4N5OPtS,7.14,19,23,5,1,1,4,0,0,0,195.084,80,2.28,4,0,0,1,11.0,0.2631578947368421,0.0526315789473684,706.3710000000001
CHEMBL1512479,C15H15ClN4PdS-6,5.5,15,15,4,0,1,1,0,0,0,106.42,86,2.2,4,0,0,0,10.5,0.2666666666666666,0.0,425.243
CHEMBL1514450,C38H32Au2N8P2-8,5.75,38,32,8,0,0,0,0,0,0,196.967,137,2.54,2,0,0,0,27.0,0.2105263157894736,0.0,994.664
CHEMBL1514553,C18H32Co2N8O8-12,5.4,18,32,8,8,0,0,0,0,0,58.933,65,1.88,6,0,0,0,7.0,0.4444444444444444,0.4444444444444444,606.3679999999999
CHEMBL1514796,C12H14N4O4Pt-6,5.15,12,14,4,4,0,0,0,0,0,195.084,80,2.28,4,0,0,1,8.0,0.3333333333333333,0.3333333333333333,473.352
CHEMBL1514839,C11H19FeN7O4-7,5.5,11,19,7,4,0,0,0,0,0,55.845,61,1.83,6,0,0,0,6.0,0.6363636363636364,0.3636363636363636,369.1629999999999
CHEMBL1516969,C7H8FeN4O4S2-6,5.4,7,8,4,4,2,0,0,0,0,55.845,61,1.83,6,0,0,0,6.0,0.5714285714285714,0.5714285714285714,332.13
CHEMBL1528731,C10H10Cl4N10Pt-2,5.4,10,10,10,0,0,4,0,0,0,195.084,80,2.28,4,0,0,1,11.0,1.0,0.0,607.144
CHEMBL1565619,C6Fe2N6,4.55,6,0,6,0,0,0,0,0,0,55.845,61,1.83,6,0,0,0,10.0,1.0,0.0,267.798
CHEMBL1570031,C38H32N2NiO4-6,5.75,38,32,2,4,0,0,0,0,0,58.693,69,1.91,4,0,0,0,24.0,0.0526315789473684,0.1052631578947368,639.377
CHEMBL157431,C20H32BF4Fe,4.43,20,32,0,0,0,0,0,4,0,55.845,61,1.83,6,0,0,0,5.0,0.0,0.0,404.31299999999993
CHEMBL1574606,C10H10Ni,4.3,10,10,0,0,0,0,0,0,0,58.693,69,1.91,4,0,0,0,6.0,0.0,0.0,188.883
CHEMBL1574964,C10H7Cl2N8PdS2-2,5.3,10,7,8,0,2,2,0,0,0,106.42,86,2.2,4,0,0,0,11.5,0.8,0.0,480.662
CHEMBL1589990,C16H24Cl2N5O4Rh-8,6.0,16,24,5,4,0,2,0,0,0,102.906,65,2.28,6,0,1,0,7.5,0.3125,0.25,524.2049999999999
CHEMBL1593655,C17H27CoN5O5-7,5.5,17,27,5,5,0,0,0,0,0,58.933,65,1.88,6,0,0,0,7.0,0.2941176470588235,0.2941176470588235,440.366
CHEMBL1604754,C12H20N3O8PPt-2,5.6,12,20,3,8,0,0,0,0,0,195.084,80,2.28,4,0,0,1,4.5,0.25,0.6666666666666666,529.389
CHEMBL1627577,C35H52Cl2N2O3Pt+2,5.33,35,52,2,3,0,2,0,0,0,195.084,80,2.28,4,0,0,1,11.0,0.0571428571428571,0.0857142857142857,814.7959999999999
CHEMBL1627579,C33H48Cl2N2O3Pt+2,5.07,33,48,2,3,0,2,0,0,0,195.084,80,2.28,4,0,0,1,11.0,0.0606060606060606,0.0909090909090909,786.742
CHEMBL1627580,C31H44Cl2N2O3Pt+2,5.32,31,44,2,3,0,2,0,0,0,195.084,80,2.28,4,0,0,1,11.0,0.064516129032258,0.0967741935483871,758.6879999999999
CHEMBL1627581,C28H38Cl2N2O3Pt+2,4.5,28,38,2,3,0,2,0,0,0,195.084,80,2.28,4,0,0,1,11.0,0.0714285714285714,0.1071428571428571,716.607
CHEMBL1627729,C33H50Cl2N2O3Pt,4.79,33,50,2,3,0,2,0,0,0,195.084,80,2.28,4,0,0,1,10.0,0.0606060606060606,0.0909090909090909,788.7579999999999
CHEMBL1627731,C35H54Cl2N2O3Pt,4.73,35,54,2,3,0,2,0,0,0,195.084,80,2.28,4,0,0,1,10.0,0.0571428571428571,0.0857142857142857,816.812
CHEMBL1627733,C30H44Cl2N2O3Pt,4.97,30,44,2,3,0,2,0,0,0,195.084,80,2.28,4,0,0,1,10.0,0.0666666666666666,0.1,746.6769999999999
CHEMBL1627734,C34H52Cl2N2O3Pt,5.64,34,52,2,3,0,2,0,0,0,195.084,80,2.28,4,0,0,1,10.0,0.0588235294117647,0.088235294117647,802.785
CHEMBL1627737,C32H48Cl2N2O3Pt,5.48,32,48,2,3,0,2,0,0,0,195.084,80,2.28,4,0,0,1,10.0,0.0625,0.09375,774.7309999999999
CHEMBL1627738,C31H46Cl2N2O3Pt,4.7,31,46,2,3,0,2,0,0,0,195.084,80,2.28,4,0,0,1,10.0,0.064516129032258,0.0967741935483871,760.704
CHEMBL1627740,C29H42Cl2N2O3Pt,4.5,29,42,2,3,0,2,0,0,0,195.084,80,2.28,4,0,0,1,10.0,0.0689655172413793,0.1034482758620689,732.65
CHEMBL1627945,C30H42Cl2N2O3Pt+2,4.73,30,42,2,3,0,2,0,0,0,195.084,80,2.28,4,0,0,1,11.0,0.0666666666666666,0.1,744.661
CHEMBL1627949,C29H40Cl2N2O3Pt+2,4.64,29,40,2,3,0,2,0,0,0,195.084,80,2.28,4,0,0,1,11.0,0.0689655172413793,0.1034482758620689,730.634
CHEMBL1627993,C36H56Cl2N2O3Pt,5.28,36,56,2,3,0,2,0,0,0,195.084,80,2.28,4,0,0,1,10.0,0.0555555555555555,0.0833333333333333,830.8389999999999
CHEMBL1628045,C34H50Cl2N2O3Pt+2,4.9,34,50,2,3,0,2,0,0,0,195.084,80,2.28,4,0,0,1,11.0,0.0588235294117647,0.088235294117647,800.7689999999999
CHEMBL1628046,C32H46Cl2N2O3Pt+2,5.04,32,46,2,3,0,2,0,0,0,195.084,80,2.28,4,0,0,1,11.0,0.0625,0.09375,772.7149999999999
CHEMBL164788,C14H24Cl2N2O4Pt,5.52,14,24,2,4,0,2,0,0,0,195.084,80,2.28,4,0,0,1,4.0,0.1428571428571428,0.2857142857142857,550.34
CHEMBL171079,C6H12Cl2N2O2Pt,6.54,6,12,2,2,0,2,0,0,0,195.084,80,2.28,4,0,0,1,2.0,0.3333333333333333,0.3333333333333333,410.158
CHEMBL171155,C9H14N2O6Pt,6.14,9,14,2,6,0,0,0,0,0,195.084,80,2.28,4,0,0,1,4.0,0.2222222222222222,0.6666666666666666,441.303
CHEMBL171156,C12H18N2O6Pt,5.62,12,18,2,6,0,0,0,0,0,195.084,80,2.28,4,0,0,1,5.0,0.1666666666666666,0.5,481.36800000000005
CHEMBL174577,C12H22ClF6N2PRu,5.05,12,22,2,0,0,1,0,6,0,101.07,74,2.2,6,1,0,0,3.0,0.1666666666666666,0.0,444.83
CHEMBL174682,C12H22F6IN2PRu,5.1,12,22,2,0,0,0,0,6,1,101.07,74,2.2,6,1,0,0,3.0,0.1666666666666666,0.0,536.28
CHEMBL174841,C14H18ClF6N2PRu,5.22,14,18,2,0,0,1,0,6,0,101.07,74,2.2,6,1,0,0,7.0,0.1428571428571428,0.0,464.82
CHEMBL175093,C8H14ClF6N2PRu,4.77,8,14,2,0,0,1,0,6,0,101.07,74,2.2,6,1,0,0,3.0,0.25,0.0,388.722
CHEMBL175505,C6H12Cl2N2Pt,5.99,6,12,2,0,0,2,0,0,0,195.084,80,2.28,4,0,0,1,2.0,0.3333333333333333,0.0,378.16
CHEMBL175535,C9H18N2O4Pt+2,5.64,9,18,2,4,0,0,0,0,0,195.084,80,2.28,4,0,0,1,2.0,0.2222222222222222,0.4444444444444444,413.337
CHEMBL175601,C16H19Co2FO8,5.15,16,19,0,8,0,0,0,1,0,58.933,65,1.88,6,0,0,0,7.5,0.0,0.5,476.184
CHEMBL175635,C9H16Co2O7,5.16,9,16,0,7,0,0,0,0,0,58.933,65,1.88,6,0,0,0,2.0,0.0,0.7777777777777778,354.08599999999996
CHEMBL175793,C18H30N2O6Pt,7.3,18,30,2,6,0,0,0,0,0,195.084,80,2.28,4,0,0,1,5.0,0.1111111111111111,0.3333333333333333,565.53
CHEMBL175844,C12H22N2O4Pt+2,5.33,12,22,2,4,0,0,0,0,0,195.084,80,2.28,4,0,0,1,3.0,0.1666666666666666,0.3333333333333333,453.402
CHEMBL176036,C18H23Co2NO9,5.06,18,23,1,9,0,0,0,0,0,58.933,65,1.88,6,0,0,0,8.0,0.0555555555555555,0.5,515.246
CHEMBL176246,C18H22Co2O10,5.04,18,22,0,10,0,0,0,0,0,58.933,65,1.88,6,0,0,0,8.0,0.0,0.5555555555555556,516.23
CHEMBL176766,C12H18N2O4Pt,5.82,12,18,2,4,0,0,0,0,0,195.084,80,2.28,4,0,0,1,5.0,0.1666666666666666,0.3333333333333333,449.37
CHEMBL177002,C17H30N2O4Pt,6.2,17,30,2,4,0,0,0,0,0,195.084,80,2.28,4,0,0,1,4.0,0.1176470588235294,0.2352941176470588,521.521
CHEMBL177672,C16H17Co2NO8,4.65,16,17,1,8,0,0,0,0,0,58.933,65,1.88,6,0,0,0,9.0,0.0625,0.5,469.177
CHEMBL1790148,C38H55N5O7ReS,5.01,38,55,5,7,1,0,0,0,0,186.207,63,1.9,6,0,0,0,14.0,0.131578947368421,0.1842105263157894,912.153
CHEMBL1790150,C38H55N5O6ReS,5.27,38,55,5,6,1,0,0,0,0,186.207,63,1.9,6,0,0,0,14.0,0.131578947368421,0.1578947368421052,896.154
CHEMBL1790152,C38H55N5O9ReS2,4.43,38,55,5,9,2,0,0,0,0,186.207,63,1.9,6,0,0,0,14.0,0.131578947368421,0.2368421052631578,976.211
CHEMBL184449,C36H43AuClN4O3P+,7.4,36,43,4,3,0,1,0,0,0,196.967,137,2.54,2,0,0,0,17.5,0.1111111111111111,0.0833333333333333,812.182
CHEMBL184465,C36H42AuClF6N3P2,7.4,36,42,3,0,0,1,0,6,0,196.967,137,2.54,2,0,0,0,17.5,0.0833333333333333,0.0,863.1579999999999
CHEMBL186466,C10H18N2O4Pt,5.26,10,18,2,4,0,0,0,0,0,195.084,80,2.28,4,0,0,1,3.0,0.2,0.4,425.348
CHEMBL186506,C36H52AuCl5N6+,7.37,36,52,6,0,0,5,0,0,0,196.967,137,2.54,2,0,0,0,14.0,0.1666666666666666,0.0,943.071
CHEMBL186705,C6H8Cl2N2Pt+2,4.89,6,8,2,0,0,2,0,0,0,195.084,80,2.28,4,0,0,1,4.0,0.3333333333333333,0.0,374.128
CHEMBL187543,C21H15Cl3N6Ru,5.58,21,15,6,0,0,3,0,0,0,101.07,74,2.2,6,1,0,0,17.5,0.2857142857142857,0.0,558.813
CHEMBL187626,C34H50AuCl3N3O10S,7.27,34,50,3,10,1,3,0,0,0,196.967,137,2.54,2,0,0,0,11.5,0.088235294117647,0.2941176470588235,996.162
CHEMBL187664,C11H20N2O4Pt,6.04,11,20,2,4,0,0,0,0,0,195.084,80,2.28,4,0,0,1,3.0,0.1818181818181818,0.3636363636363636,439.375
CHEMBL189068,C21H36AuClF6N3P2,7.4,21,36,3,0,0,1,0,6,0,196.967,137,2.54,2,0,0,0,5.5,0.1428571428571428,0.0,676.9449999999999
CHEMBL190065,C14H10Cl4N4Ru-,4.18,14,10,4,0,0,4,0,0,0,101.07,74,2.2,6,1,0,0,12.0,0.2857142857142857,0.0,477.132
CHEMBL1909056,C10H14CoO4,5.5,10,14,0,4,0,0,0,0,0,58.933,65,1.88,6,0,0,0,4.0,0.0,0.4,257.15099999999995
CHEMBL191157,C16H30N2O4Pt,5.15,16,30,2,4,0,0,0,0,0,195.084,80,2.28,4,0,0,1,3.0,0.125,0.25,509.51
CHEMBL191449,C31H28FeNO4,6.0,31,28,1,4,0,0,0,0,0,55.845,61,1.83,6,0,0,0,18.5,0.032258064516129,0.1290322580645161,534.4129999999999
CHEMBL191962,C26H25N3O2Ru,6.14,26,25,3,2,0,0,0,0,0,101.07,74,2.2,6,1,0,0,16.0,0.1153846153846153,0.0769230769230769,512.575
CHEMBL194376,C13H16N2O4Pt,4.89,13,16,2,4,0,0,0,0,0,195.084,80,2.28,4,0,0,1,7.0,0.1538461538461538,0.3076923076923077,459.3649999999999
CHEMBL194500,C13H21Cl2N3PRu+2,4.13,13,21,3,0,0,2,0,0,0,101.07,74,2.2,6,1,0,0,5.0,0.2307692307692307,0.0,391.302
CHEMBL194555,C25H21Cl2FeN3O,6.2,25,21,3,1,0,2,0,0,0,55.845,61,1.83,6,0,0,0,17.0,0.12,0.04,506.2080000000001
CHEMBL195083,C26H24ClFeN3O2,5.66,26,24,3,2,0,1,0,0,0,55.845,61,1.83,6,0,0,0,16.5,0.1153846153846153,0.0769230769230769,501.792
CHEMBL196628,C14H16N2O4Pt,4.89,14,16,2,4,0,0,0,0,0,195.084,80,2.28,4,0,0,1,8.0,0.1428571428571428,0.2857142857142857,471.376
CHEMBL197200,C20H37N5O13Pt,4.2,20,37,5,13,0,0,0,0,0,195.084,80,2.28,4,0,0,1,5.0,0.25,0.65,750.622
CHEMBL2028163,C79H78FeN10O14-2,5.8,79,78,10,14,0,0,0,0,0,55.845,61,1.83,6,0,0,0,46.0,0.1265822784810126,0.1772151898734177,1447.394
CHEMBL2028164,C6FeN6-4,5.0,6,0,6,0,0,0,0,0,0,55.845,61,1.83,6,0,0,0,10.0,1.0,0.0,211.953
CHEMBL2028168,C44H10Cl2F20FeN4,5.66,44,10,4,0,0,2,0,20,0,55.845,61,1.83,6,0,0,0,42.0,0.0909090909090909,0.0,1101.297
CHEMBL2068288,C12H20N2O5Pt,5.23,12,20,2,5,0,0,0,0,0,195.084,80,2.28,4,0,0,1,4.0,0.1666666666666666,0.4166666666666667,467.3850000000001
CHEMBL2068291,C37H50Cl2N2O3Pt,4.82,37,50,2,3,0,2,0,0,0,195.084,80,2.28,4,0,0,1,14.0,0.054054054054054,0.081081081081081,836.8019999999999
CHEMBL2068292,C36H48Cl2N2O3Pt,4.11,36,48,2,3,0,2,0,0,0,195.084,80,2.28,4,0,0,1,14.0,0.0555555555555555,0.0833333333333333,822.775
CHEMBL2068294,C35H46Cl2N2O3Pt,4.17,35,46,2,3,0,2,0,0,0,195.084,80,2.28,4,0,0,1,14.0,0.0571428571428571,0.0857142857142857,808.748
CHEMBL2068295,C36H48Cl2N2O2Pt,4.13,36,48,2,2,0,2,0,0,0,195.084,80,2.28,4,0,0,1,14.0,0.0555555555555555,0.0555555555555555,806.7760000000001
CHEMBL2068301,C32H40Cl2N2Pt,5.31,32,40,2,0,0,2,0,0,0,195.084,80,2.28,4,0,0,1,14.0,0.0625,0.0,718.67
CHEMBL2068302,C28H32Cl2N2Pt,5.1,28,32,2,0,0,2,0,0,0,195.084,80,2.28,4,0,0,1,14.0,0.0714285714285714,0.0,662.562
CHEMBL2068303,C35H46Cl2N2O2Pt,4.64,35,46,2,2,0,2,0,0,0,195.084,80,2.28,4,0,0,1,14.0,0.0571428571428571,0.0571428571428571,792.7490000000001
CHEMBL2068304,C30H36Cl2N2O2Pt,4.19,30,36,2,2,0,2,0,0,0,195.084,80,2.28,4,0,0,1,14.0,0.0666666666666666,0.0666666666666666,722.614
CHEMBL2068305,C30H36Cl2N2Pt,5.37,30,36,2,0,0,2,0,0,0,195.084,80,2.28,4,0,0,1,14.0,0.0666666666666666,0.0,690.616
CHEMBL2068310,C8H20Cl4N2O2Pt,5.0,8,20,2,2,0,4,0,0,0,195.084,80,2.28,4,0,0,1,0.0,0.25,0.25,513.144
CHEMBL2068311,C19H21Cl2N5OPt,6.25,19,21,5,1,0,2,0,0,0,195.084,80,2.28,4,0,0,1,12.0,0.2631578947368421,0.0526315789473684,601.395
CHEMBL2068312,C8H16Cl2N2O5Pt,5.16,8,16,2,5,0,2,0,0,0,195.084,80,2.28,4,0,0,1,2.0,0.25,0.625,486.20900000000006
CHEMBL2068314,C8H16Cl2N2O6Pt,5.55,8,16,2,6,0,2,0,0,0,195.084,80,2.28,4,0,0,1,2.0,0.25,0.75,502.208
CHEMBL2068316,C6H16Cl4N2O2Pt,5.1,6,16,2,2,0,4,0,0,0,195.084,80,2.28,4,0,0,1,0.0,0.3333333333333333,0.3333333333333333,485.09
CHEMBL2068318,C22H26Cl2N4OPt,7.3,22,26,4,1,0,2,0,0,0,195.084,80,2.28,4,0,0,1,12.0,0.1818181818181818,0.0454545454545454,628.461
CHEMBL2068320,C23H22Cl2N4Pt,5.54,23,22,4,0,0,2,0,0,0,195.084,80,2.28,4,0,0,1,15.0,0.1739130434782608,0.0,620.4409999999999
CHEMBL2068321,C26H28Cl2N4Pt,5.82,26,28,4,0,0,2,0,0,0,195.084,80,2.28,4,0,0,1,15.0,0.1538461538461538,0.0,662.522
CHEMBL2068322,C25H26Cl2N4Pt,5.21,25,26,4,0,0,2,0,0,0,195.084,80,2.28,4,0,0,1,15.0,0.16,0.0,648.495
CHEMBL2068325,C24H24Cl2N4Pt,5.43,24,24,4,0,0,2,0,0,0,195.084,80,2.28,4,0,0,1,15.0,0.1666666666666666,0.0,634.468
CHEMBL2068369,C12H24N8O4Pt2,5.76,12,24,8,4,0,0,0,0,0,195.084,80,2.28,4,0,0,1,5.0,0.6666666666666666,0.3333333333333333,734.544
CHEMBL2068372,C7H17Cl2N3Pt,4.85,7,17,3,0,0,2,0,0,0,195.084,80,2.28,4,0,0,1,1.0,0.4285714285714285,0.0,409.2180000000001
CHEMBL2068376,C8H19Cl2N3Pt,4.8,8,19,3,0,0,2,0,0,0,195.084,80,2.28,4,0,0,1,1.0,0.375,0.0,423.245
CHEMBL2068388,C10H18N2O5Pt,5.08,10,18,2,5,0,0,0,0,0,195.084,80,2.28,4,0,0,1,3.0,0.2,0.5,441.347
CHEMBL2068390,C11H20N2O5Pt,5.16,11,20,2,5,0,0,0,0,0,195.084,80,2.28,4,0,0,1,3.0,0.1818181818181818,0.4545454545454545,455.374
CHEMBL2068430,C14H11Cl3I2N2O2Pt,6.92,14,11,2,2,0,3,0,0,2,195.084,80,2.28,4,0,0,1,10.5,0.1428571428571428,0.1428571428571428,794.488
CHEMBL2068444,C32H40Cl2N2O2Pt,4.25,32,40,2,2,0,2,0,0,0,195.084,80,2.28,4,0,0,1,14.0,0.0625,0.0625,750.668
CHEMBL2068447,C14H24N2O5Pt,4.92,14,24,2,5,0,0,0,0,0,195.084,80,2.28,4,0,0,1,4.0,0.1428571428571428,0.3571428571428571,495.439
CHEMBL2068449,C14H20N2O5Pt,6.92,14,20,2,5,0,0,0,0,0,195.084,80,2.28,4,0,0,1,6.0,0.1428571428571428,0.3571428571428571,491.407
CHEMBL2068452,C8H20Cl2N2O2Pt,5.82,8,20,2,2,0,2,0,0,0,195.084,80,2.28,4,0,0,1,0.0,0.25,0.25,442.244
CHEMBL2068455,C19H20Cl2N4OPt,5.23,19,20,4,1,0,2,0,0,0,195.084,80,2.28,4,0,0,1,12.0,0.2105263157894736,0.0526315789473684,586.38
CHEMBL2068456,C31H38Cl2N6O2Pt,5.8,31,38,6,2,0,2,0,0,0,195.084,80,2.28,4,0,0,1,16.0,0.1935483870967742,0.064516129032258,792.669
CHEMBL2068457,C27H30Cl2N4Pt,4.7,27,30,4,0,0,2,0,0,0,195.084,80,2.28,4,0,0,1,15.0,0.1481481481481481,0.0,676.549
CHEMBL2068458,C10H20Cl2N2O6Pt,6.1,10,20,2,6,0,2,0,0,0,195.084,80,2.28,4,0,0,1,2.0,0.2,0.6,530.262
CHEMBL2068467,C9H20Cl2N2Pt,4.75,9,20,2,0,0,2,0,0,0,195.084,80,2.28,4,0,0,1,1.0,0.2222222222222222,0.0,422.25700000000006
CHEMBL2068480,C8H18Cl2N4Pt,4.77,8,18,4,0,0,2,0,0,0,195.084,80,2.28,4,0,0,1,2.0,0.5,0.0,436.244
CHEMBL2068496,C9H19Cl2N3Pt,4.75,9,19,3,0,0,2,0,0,0,195.084,80,2.28,4,0,0,1,2.0,0.3333333333333333,0.0,435.256
CHEMBL2068498,C10H20N8O4Pt2,5.79,10,20,8,4,0,0,0,0,0,195.084,80,2.28,4,0,0,1,5.0,0.8,0.4,706.49
CHEMBL2068502,C16H32N8O4Pt2,5.66,16,32,8,4,0,0,0,0,0,195.084,80,2.28,4,0,0,1,5.0,0.5,0.25,790.652
CHEMBL2068507,C21H20Cl2N6O6Pt,9.92,21,20,6,6,0,2,0,0,0,195.084,80,2.28,4,0,0,1,15.0,0.2857142857142857,0.2857142857142857,718.4110000000001
CHEMBL2068510,C8H14N2O5Pt,5.06,8,14,2,5,0,0,0,0,0,195.084,80,2.28,4,0,0,1,3.0,0.25,0.625,413.29300000000006
CHEMBL2068551,C8H12N2O5Pt,5.57,8,12,2,5,0,0,0,0,0,195.084,80,2.28,4,0,0,1,4.0,0.25,0.625,411.277
CHEMBL2068561,C34H44Cl2N2O2Pt,4.28,34,44,2,2,0,2,0,0,0,195.084,80,2.28,4,0,0,1,14.0,0.0588235294117647,0.0588235294117647,778.722
CHEMBL2068563,C10H16N2O5Pt,5.21,10,16,2,5,0,0,0,0,0,195.084,80,2.28,4,0,0,1,4.0,0.2,0.5,439.331
CHEMBL2068710,C23H22ClCoNO4,7.51,23,22,1,4,0,1,0,0,0,58.933,65,1.88,6,0,0,0,13.5,0.0434782608695652,0.1739130434782608,470.81499999999994
CHEMBL2068711,C23H22ClFeNO4,6.22,23,22,1,4,0,1,0,0,0,55.845,61,1.83,6,0,0,0,13.5,0.0434782608695652,0.1739130434782608,467.7269999999999
CHEMBL2068732,C23H22ClNNiO4,5.68,23,22,1,4,0,1,0,0,0,58.693,69,1.91,4,0,0,0,13.5,0.0434782608695652,0.1739130434782608,470.57499999999993
CHEMBL2074636,C21H18Cl4N6Ru+2,5.1,21,18,6,0,0,4,0,0,0,101.07,74,2.2,6,1,0,0,16.0,0.2857142857142857,0.0,597.287
CHEMBL2079624,C28H30FeO5+3,6.52,28,30,0,5,0,0,0,0,0,55.845,61,1.83,6,0,0,0,14.0,0.0,0.1785714285714285,502.388
CHEMBL2092980,C9H12Cl2N4O5Pt,5.44,9,12,4,5,0,2,0,0,0,195.084,80,2.28,4,0,0,1,6.0,0.4444444444444444,0.5555555555555556,522.202
CHEMBL2103737,C62H89CoN13O15P,4.75,62,89,13,15,0,0,0,0,0,58.933,65,1.88,6,0,0,0,25.0,0.2096774193548387,0.2419354838709677,1315.4029999999998
CHEMBL213916,C50H42N18O18Pt3+10,5.85,50,42,18,18,0,0,0,0,0,195.084,80,2.28,4,0,0,1,39.0,0.36,0.36,1768.246
CHEMBL2146185,C15H11B2ClF8N3Pt-,5.18,15,11,3,0,0,1,0,8,0,195.084,80,2.28,4,0,0,1,12.0,0.2,0.0,615.792
CHEMBL2146186,C17H16Cl2N2O2Pt,5.01,17,16,2,2,0,2,0,0,0,195.084,80,2.28,4,0,0,1,11.0,0.1176470588235294,0.1176470588235294,546.3109999999999
CHEMBL2146187,C18H22Cl2N2O3Pt,6.02,18,22,2,3,0,2,0,0,0,195.084,80,2.28,4,0,0,1,9.0,0.1111111111111111,0.1666666666666666,580.369
CHEMBL2146193,C6H18Cl2N2Pt,4.7,6,18,2,0,0,2,0,0,0,195.084,80,2.28,4,0,0,1,-1.0,0.3333333333333333,0.0,384.208
CHEMBL2146194,C7H20Cl2N2Pt,4.75,7,20,2,0,0,2,0,0,0,195.084,80,2.28,4,0,0,1,-1.0,0.2857142857142857,0.0,398.235
CHEMBL2146195,C30H26Cl2N4O4Pt,6.6,30,26,4,4,0,2,0,0,0,195.084,80,2.28,4,0,0,1,20.0,0.1333333333333333,0.1333333333333333,772.5459999999999
CHEMBL2146196,C8H16Cl2N2O2Pt,6.52,8,16,2,2,0,2,0,0,0,195.084,80,2.28,4,0,0,1,2.0,0.25,0.25,438.212
CHEMBL2146199,C17H20Cl2N2O2Pt,6.06,17,20,2,2,0,2,0,0,0,195.084,80,2.28,4,0,0,1,9.0,0.1176470588235294,0.1176470588235294,550.343
CHEMBL217343,C42H32B4F16N8Pt2+8,5.87,42,32,8,0,0,0,0,16,0,195.084,80,2.28,4,0,0,1,31.0,0.1904761904761904,0.0,1342.91
CHEMBL217630,C48H46B4F16N12O2Pt2+8,4.32,48,46,12,2,0,0,0,16,0,195.084,80,2.28,4,0,0,1,32.0,0.25,0.0416666666666666,1517.1140000000005
CHEMBL226286,C41H42Au3Cl3P3,4.3,41,42,0,0,0,3,0,0,0,196.967,137,2.54,2,0,0,0,21.0,0.0,0.0,1232.038
CHEMBL226288,C42H46Au4Cl4P4,5.0,42,46,0,0,0,4,0,0,0,196.967,137,2.54,2,0,0,0,20.0,0.0,0.0,1480.4979999999998
CHEMBL226290,C52H52Au2Cl2P4,5.52,52,52,0,0,0,2,0,0,0,196.967,137,2.54,2,0,0,0,27.0,0.0,0.0,1141.822
CHEMBL232319,C32H32Au2O2P2,5.3,32,32,0,2,0,0,0,0,0,196.967,137,2.54,2,0,0,0,17.0,0.0,0.0625,842.5400000000001
CHEMBL2368603,C18H24Cl6N12Ru,8.3,18,24,12,0,0,6,0,0,0,101.07,74,2.2,6,1,0,0,13.0,0.6666666666666666,0.0,722.244
CHEMBL2368604,C30H36F18N12O18RuS6,8.4,30,36,12,18,6,0,0,18,0,101.07,74,2.2,6,1,0,0,19.0,0.4,0.6,1488.078
CHEMBL2368605,C24H36Cl6N12Ru,7.1,24,36,12,0,0,6,0,0,0,101.07,74,2.2,6,1,0,0,13.0,0.5,0.0,806.4060000000001
CHEMBL261915,C44H38N7O9ReS2+,6.08,44,38,7,9,2,0,0,0,0,186.207,63,1.9,6,0,0,0,29.5,0.1590909090909091,0.2045454545454545,1059.1549999999995
CHEMBL262033,C44H30N12O12Pt2+8,6.14,44,30,12,12,0,0,0,0,0,195.084,80,2.28,4,0,0,1,36.0,0.2727272727272727,0.2727272727272727,1308.964
CHEMBL263677,C29H38FeO13,5.0,29,38,0,13,0,0,0,0,0,55.845,61,1.83,6,0,0,0,11.0,0.0,0.4482758620689655,650.4549999999999
CHEMBL264844,C56H36Cl2N12O12Pt2+8,5.6,56,36,12,12,0,2,0,0,0,195.084,80,2.28,4,0,0,1,45.0,0.2142857142857142,0.2142857142857142,1530.0440000000003
CHEMBL265995,C40H30N12O12Pt2+8,5.81,40,30,12,12,0,0,0,0,0,195.084,80,2.28,4,0,0,1,32.0,0.3,0.3,1260.92
CHEMBL266168,C23H21B2F8N5Pt+4,4.8,23,21,5,0,0,0,0,8,0,195.084,80,2.28,4,0,0,1,16.0,0.217391304347826,0.0,714.524
CHEMBL266471,C27H21B2BrF8N4Pt+4,5.3,27,21,4,0,0,0,1,8,0,195.084,80,2.28,4,0,0,1,19.5,0.1481481481481481,0.0,828.465
CHEMBL266733,C22H18B2F8N4OPt+4,5.66,22,18,4,1,0,0,0,8,0,195.084,80,2.28,4,0,0,1,16.0,0.1818181818181818,0.0454545454545454,701.481
CHEMBL267638,C21H20B2F8N6Pt+4,4.19,21,20,6,0,0,0,0,8,0,195.084,80,2.28,4,0,0,1,15.0,0.2857142857142857,0.0,703.5010000000001
CHEMBL267704,C20H15B2F9N4Pt+4,4.81,20,15,4,0,0,0,0,9,0,195.084,80,2.28,4,0,0,1,15.5,0.2,0.0,677.434
CHEMBL268353,C18H14B2F8N4PtS+4,4.77,18,14,4,0,1,0,0,8,0,195.084,80,2.28,4,0,0,1,14.0,0.2222222222222222,0.0,665.466
CHEMBL269099,C21H17B2ClF8N4Pt+4,5.2,21,17,4,0,0,1,0,8,0,195.084,80,2.28,4,0,0,1,15.5,0.1904761904761904,0.0,707.9130000000001
CHEMBL269100,C22H20B2F8N4OPt+4,4.81,22,20,4,1,0,0,0,8,0,195.084,80,2.28,4,0,0,1,15.0,0.1818181818181818,0.0454545454545454,703.4970000000001
CHEMBL269739,C75H107N23O21ReS3-2,8.92,75,107,23,21,3,0,0,0,0,186.207,63,1.9,6,0,0,0,34.0,0.3066666666666666,0.28,1949.208
CHEMBL274133,C12H14Cl2N4Pt-,4.48,12,14,4,0,0,2,0,0,0,195.084,80,2.28,4,0,0,1,8.0,0.3333333333333333,0.0,480.2560000000001
CHEMBL274577,C26H24ClNO5Re,9.21,26,24,1,5,0,1,0,0,0,186.207,63,1.9,6,0,0,0,15.5,0.0384615384615384,0.1923076923076923,652.137
CHEMBL275501,C19H24Cl2N4OPt-,5.3,19,24,4,1,0,2,0,0,0,195.084,80,2.28,4,0,0,1,10.0,0.2105263157894736,0.0526315789473684,590.412
CHEMBL275971,C18H22Cl2N4Pt-,6.16,18,22,4,0,0,2,0,0,0,195.084,80,2.28,4,0,0,1,10.0,0.2222222222222222,0.0,560.386
CHEMBL276209,C21H15BrClN3PtS+3,5.05,21,15,3,0,1,1,1,0,0,195.084,80,2.28,4,0,0,1,16.0,0.1428571428571428,0.0,651.8700000000001
CHEMBL276688,C15H16Cl2N4Pt-,4.85,15,16,4,0,0,2,0,0,0,195.084,80,2.28,4,0,0,1,10.0,0.2666666666666666,0.0,518.3050000000001
CHEMBL276712,C21H15Cl2N3PtS+3,5.05,21,15,3,0,1,2,0,0,0,195.084,80,2.28,4,0,0,1,16.0,0.1428571428571428,0.0,607.416
CHEMBL280249,C18H21FeN3O2+2,8.24,18,21,3,2,0,0,0,0,0,55.845,61,1.83,6,0,0,0,10.0,0.1666666666666666,0.1111111111111111,367.23
CHEMBL280820,C54H56AuClP4,6.22,54,56,0,0,0,1,0,0,0,196.967,137,2.54,2,0,0,0,27.0,0.0,0.0,937.459
CHEMBL282396,C52H48AuClP4,5.7,52,48,0,0,0,1,0,0,0,196.967,137,2.54,2,0,0,0,29.0,0.0,0.0,905.373
CHEMBL283409,C52H52AuClP4,5.35,52,52,0,0,0,1,0,0,0,196.967,137,2.54,2,0,0,0,27.0,0.0,0.0,909.405
CHEMBL290531,C33H28FeO16,5.3,33,28,0,16,0,0,0,0,0,55.845,61,1.83,6,0,0,0,20.0,0.0,0.4848484848484848,736.4159999999999
CHEMBL290929,C51H40Fe2O10,5.1,51,40,0,10,0,0,0,0,0,55.845,61,1.83,6,0,0,0,32.0,0.0,0.196078431372549,924.561
CHEMBL292131,C21H43Cl2CoN2O4+,5.87,21,43,2,4,0,2,0,0,0,58.933,65,1.88,6,0,0,0,1.5,0.0952380952380952,0.1904761904761904,517.418
CHEMBL293035,C23H21FeIN2S,5.19,23,21,2,0,1,0,0,0,1,55.845,61,1.83,6,0,0,0,14.5,0.0869565217391304,0.0,540.24
CHEMBL293387,C27H24BrFeIN2,6.3,27,24,2,0,0,0,1,0,1,55.845,61,1.83,6,0,0,0,17.0,0.074074074074074,0.0,639.1519999999999
CHEMBL293444,C26H25FeIN2O,5.81,26,25,2,1,0,0,0,0,1,55.845,61,1.83,6,0,0,0,15.5,0.0769230769230769,0.0384615384615384,564.244
CHEMBL293455,C28H27FeIN2,6.3,28,27,2,0,0,0,0,0,1,55.845,61,1.83,6,0,0,0,16.5,0.0714285714285714,0.0,574.283
CHEMBL293638,C26H21BrFeN2,4.5,26,21,2,0,0,0,1,0,0,55.845,61,1.83,6,0,0,0,17.5,0.0769230769230769,0.0,497.217
CHEMBL293663,C26H21FFeN2,5.22,26,21,2,0,0,0,0,1,0,55.845,61,1.83,6,0,0,0,17.5,0.0769230769230769,0.0,436.311
CHEMBL294006,C29H25FeIN2,5.81,29,25,2,0,0,0,0,0,1,55.845,61,1.83,6,0,0,0,18.5,0.0689655172413793,0.0,584.278
CHEMBL294645,C36H42AuClN3P+2,8.29,36,42,3,0,0,1,0,0,0,196.967,137,2.54,2,0,0,0,17.5,0.0833333333333333,0.0,749.17
CHEMBL294921,C17H20FeO7,4.52,17,20,0,7,0,0,0,0,0,55.845,61,1.83,6,0,0,0,8.0,0.0,0.4117647058823529,392.185
CHEMBL295047,C23H20Cl3N8O6Ru-,5.01,23,20,8,6,0,3,0,0,0,101.07,74,2.2,6,1,0,0,18.0,0.3478260869565217,0.2608695652173913,711.883
CHEMBL295087,C19H18AuF6N2OP+,5.48,19,18,2,1,0,0,0,6,0,196.967,137,2.54,2,0,0,0,12.0,0.1052631578947368,0.0526315789473684,601.321
CHEMBL295441,C21H31ClN3OReS2+,7.85,21,31,3,1,2,1,0,0,0,186.207,63,1.9,6,0,0,0,8.0,0.1428571428571428,0.0476190476190476,627.2760000000001
CHEMBL295522,C10H10AuF6N2O2P+,5.06,10,10,2,2,0,0,0,6,0,196.967,137,2.54,2,0,0,0,7.0,0.2,0.2,501.157
CHEMBL298410,C23H20Cl5N6Ru+3,5.8,23,20,6,0,0,5,0,0,0,101.07,74,2.2,6,1,0,0,17.0,0.2608695652173913,0.0,658.775
CHEMBL298416,C28H28Fe2O8,5.11,28,28,0,8,0,0,0,0,0,55.845,61,1.83,6,0,0,0,15.0,0.0,0.2857142857142857,604.2139999999999
CHEMBL299067,C17H35Cl2CoN2O4+,5.34,17,35,2,4,0,2,0,0,0,58.933,65,1.88,6,0,0,0,1.5,0.1176470588235294,0.2352941176470588,461.30999999999995
CHEMBL300621,C24H19N6O4Ru+3,5.2,24,19,6,4,0,0,0,0,0,101.07,74,2.2,6,1,0,0,18.5,0.25,0.1666666666666666,556.524
CHEMBL302015,C7H19AuPS-2,4.22,7,19,0,0,1,0,0,0,0,196.967,137,2.54,2,0,0,0,-1.5,0.0,0.0,332.256
CHEMBL302088,C28H28Au2Cl2P2,4.77,28,28,0,0,0,2,0,0,0,196.967,137,2.54,2,0,0,0,15.0,0.0,0.0,829.366
CHEMBL302287,C32H35AuO9PS-2,5.4,32,35,0,9,1,0,0,0,0,196.967,137,2.54,2,0,0,0,15.5,0.0,0.28125,792.6499999999999
CHEMBL302499,C13H21AuN2PS-2,5.3,13,21,2,0,1,0,0,0,0,196.967,137,2.54,2,0,0,0,4.5,0.1538461538461538,0.0,434.352
CHEMBL302518,C12H27AuO5PS-2,5.7,12,27,0,5,1,0,0,0,0,196.967,137,2.54,2,0,0,0,-0.5,0.0,0.4166666666666667,480.37000000000006
CHEMBL302710,C23H41AuO9PS-2,5.4,23,41,0,9,1,0,0,0,0,196.967,137,2.54,2,0,0,0,3.5,0.0,0.391304347826087,690.5989999999999
CHEMBL302757,C20H35AuO9PS-2,5.4,20,35,0,9,1,0,0,0,0,196.967,137,2.54,2,0,0,0,3.5,0.0,0.45,648.518
CHEMBL303310,C25H21Cl2FeIN2,5.22,25,21,2,0,0,2,0,0,1,55.845,61,1.83,6,0,0,0,16.5,0.08,0.0,603.102
CHEMBL303715,C29H30Au2Cl2P2,5.7,29,30,0,0,0,2,0,0,0,196.967,137,2.54,2,0,0,0,15.0,0.0,0.0,843.3929999999999
CHEMBL303726,C7H20AuN3PS-2,6.0,7,20,3,0,1,0,0,0,0,196.967,137,2.54,2,0,0,0,-0.5,0.4285714285714285,0.0,375.285
CHEMBL305046,C11H20AuNPS-2,5.7,11,20,1,0,1,0,0,0,0,196.967,137,2.54,2,0,0,0,2.5,0.0909090909090909,0.0,395.315
CHEMBL305532,C15H21FeN5O4S2+2,6.09,15,21,5,4,2,0,0,0,0,55.845,61,1.83,6,0,0,0,8.0,0.3333333333333333,0.2666666666666666,455.3289999999999
CHEMBL305847,C19H15ClFeO,4.37,19,15,0,1,0,1,0,0,0,55.845,61,1.83,6,0,0,0,12.5,0.0,0.0526315789473684,350.623
CHEMBL305879,C9H16AuClP-2,4.82,9,16,0,0,0,1,0,0,0,196.967,137,2.54,2,0,0,0,2.0,0.0,0.0,356.644
CHEMBL306036,C20H15F3FeO,4.23,20,15,0,1,0,0,0,3,0,55.845,61,1.83,6,0,0,0,13.5,0.0,0.05,384.178
CHEMBL306145,C22H17FeNO,4.74,22,17,1,1,0,0,0,0,0,55.845,61,1.83,6,0,0,0,15.0,0.0454545454545454,0.0454545454545454,367.229
CHEMBL306333,C19H15FFeO,4.92,19,15,0,1,0,0,0,1,0,55.845,61,1.83,6,0,0,0,12.5,0.0,0.0526315789473684,334.171
CHEMBL306730,C20H18FeO2,4.77,20,18,0,2,0,0,0,0,0,55.845,61,1.83,6,0,0,0,12.0,0.0,0.1,346.20699999999994
CHEMBL306905,C26H24AsAu2Cl2P,5.4,26,24,0,0,0,2,0,0,0,196.967,137,2.54,2,0,0,0,15.0,0.0,0.0,801.312
CHEMBL306980,C34H42Au2N4O10P2S2,5.4,34,42,4,10,2,0,0,0,0,196.967,137,2.54,2,0,0,0,16.0,0.1176470588235294,0.2941176470588235,1124.7820000000002
CHEMBL307141,C23H18FeO,4.32,23,18,0,1,0,0,0,0,0,55.845,61,1.83,6,0,0,0,15.0,0.0,0.0434782608695652,366.241
CHEMBL307319,C6H16AuNO3P-2,5.7,6,16,1,3,0,0,0,0,0,196.967,137,2.54,2,0,0,0,-0.5,0.1666666666666666,0.5,347.165
CHEMBL307692,C19H14Cl2FeO,4.53,19,14,0,1,0,2,0,0,0,55.845,61,1.83,6,0,0,0,13.0,0.0,0.0526315789473684,385.06500000000005
CHEMBL307740,C19H15FeNO3,5.29,19,15,1,3,0,0,0,0,0,55.845,61,1.83,6,0,0,0,13.0,0.0526315789473684,0.1578947368421052,361.178
CHEMBL308316,C23H24FeO2,4.1,23,24,0,2,0,0,0,0,0,55.845,61,1.83,6,0,0,0,12.0,0.0,0.0869565217391304,388.2879999999999
CHEMBL3085435,C49H48Fe2O16,5.82,49,48,0,16,0,0,0,0,0,55.845,61,1.83,6,0,0,0,26.0,0.0,0.3265306122448979,1004.597
CHEMBL308599,C20H35AuO10PS-2,6.0,20,35,0,10,1,0,0,0,0,196.967,137,2.54,2,0,0,0,3.5,0.0,0.5,664.517
CHEMBL308937,C14H14Au2Cl2S2,4.52,14,14,0,0,2,2,0,0,0,196.967,137,2.54,2,0,0,0,8.0,0.0,0.0,711.2199999999999
CHEMBL308963,C10H20O2PtS4,5.16,10,20,0,2,4,0,0,0,0,195.084,80,2.28,4,0,0,1,1.0,0.0,0.2,495.592
CHEMBL308971,C26H48Au2Cl2P2,4.85,26,48,0,0,0,2,0,0,0,196.967,137,2.54,2,0,0,0,3.0,0.0,0.0,825.504
CHEMBL309023,C28H35AuO9PS-2,5.4,28,35,0,9,1,0,0,0,0,196.967,137,2.54,2,0,0,0,11.5,0.0,0.3214285714285714,744.606
CHEMBL309234,C18H35Cl2N6Pt2+5,4.65,18,35,6,0,0,2,0,0,0,195.084,80,2.28,4,0,0,1,4.5,0.3333333333333333,0.0,796.588
CHEMBL309353,C14H24O2PtS4,5.3,14,24,0,2,4,0,0,0,0,195.084,80,2.28,4,0,0,1,3.0,0.0,0.1428571428571428,547.668
CHEMBL310027,C24H36O2PtS4,4.5,24,36,0,2,4,0,0,0,0,195.084,80,2.28,4,0,0,1,7.0,0.0,0.0833333333333333,679.874
CHEMBL311250,C18H16AuClP-2,4.92,18,16,0,0,0,1,0,0,0,196.967,137,2.54,2,0,0,0,11.0,0.0,0.0,464.74299999999994
CHEMBL311392,C19H16FeO,4.72,19,16,0,1,0,0,0,0,0,55.845,61,1.83,6,0,0,0,12.0,0.0,0.0526315789473684,316.181
CHEMBL312091,C16H32Cl2N6Pt2+6,5.12,16,32,6,0,0,2,0,0,0,195.084,80,2.28,4,0,0,1,4.0,0.375,0.0,769.542
CHEMBL31233,C52H53AuNO3P4+,5.4,52,53,1,3,0,0,0,0,0,196.967,137,2.54,2,0,0,0,27.0,0.0192307692307692,0.0576923076923076,936.967
CHEMBL312519,C20H40O2PtS4,4.62,20,40,0,2,4,0,0,0,0,195.084,80,2.28,4,0,0,1,1.0,0.0,0.1,635.862
CHEMBL312787,C22H22FeO4,4.65,22,22,0,4,0,0,0,0,0,55.845,61,1.83,6,0,0,0,12.0,0.0,0.1818181818181818,406.259
CHEMBL313268,C18H36Cl2N6Pt2+6,5.09,18,36,6,0,0,2,0,0,0,195.084,80,2.28,4,0,0,1,4.0,0.3333333333333333,0.0,797.596
CHEMBL3142244,C14H31AuO6PS-2,5.7,14,31,0,6,1,0,0,0,0,196.967,137,2.54,2,0,0,0,-0.5,0.0,0.4285714285714285,524.423
CHEMBL3142753,C17H28Cl2N5O10PPt,4.0,17,28,5,10,0,2,0,0,0,195.084,80,2.28,4,0,0,1,6.5,0.2941176470588235,0.5882352941176471,728.42
CHEMBL3142754,C42H50Cl2N5O14PPt,4.46,42,50,5,14,0,2,0,0,0,195.084,80,2.28,4,0,0,1,20.5,0.119047619047619,0.3333333333333333,1114.8670000000002
CHEMBL3143168,C9H12Cl2N4O4Pt,4.36,9,12,4,4,0,2,0,0,0,195.084,80,2.28,4,0,0,1,6.0,0.4444444444444444,0.4444444444444444,506.203
CHEMBL316647,C32H42ClN6OPtS+,5.71,32,42,6,1,1,1,0,0,0,195.084,80,2.28,4,0,0,1,15.0,0.1875,0.03125,789.3230000000001
CHEMBL317496,C25H26ClN4O3PtS+,6.55,25,26,4,3,1,1,0,0,0,195.084,80,2.28,4,0,0,1,15.0,0.16,0.12,693.1020000000001
CHEMBL317752,C19H13ClN6O3PtS+3,7.77,19,13,6,3,1,1,0,0,0,195.084,80,2.28,4,0,0,1,16.5,0.3157894736842105,0.1578947368421052,635.9459999999999
CHEMBL317892,C30H40ClN4O3PtS+,6.85,30,40,4,3,1,1,0,0,0,195.084,80,2.28,4,0,0,1,13.0,0.1333333333333333,0.1,767.269
CHEMBL319263,C8H22Cl2N2O2Pt,5.89,8,22,2,2,0,2,0,0,0,195.084,80,2.28,4,0,0,1,-1.0,0.25,0.25,444.26
CHEMBL319552,C28H32ClN4O3PtS+,6.22,28,32,4,3,1,1,0,0,0,195.084,80,2.28,4,0,0,1,15.0,0.1428571428571428,0.1071428571428571,735.183
CHEMBL319607,C22H24ClN4O3PtS+,6.47,22,24,4,3,1,1,0,0,0,195.084,80,2.28,4,0,0,1,13.0,0.1818181818181818,0.1363636363636363,655.0529999999999
CHEMBL319686,C12H26Cl2N2O2Pt,5.16,12,26,2,2,0,2,0,0,0,195.084,80,2.28,4,0,0,1,1.0,0.1666666666666666,0.1666666666666666,496.336
CHEMBL320638,C10H22Cl2N2Pt,6.1,10,22,2,0,0,2,0,0,0,195.084,80,2.28,4,0,0,1,1.0,0.2,0.0,436.284
CHEMBL321706,C17H14B2F8N4Pt+4,4.75,17,14,4,0,0,0,0,8,0,195.084,80,2.28,4,0,0,1,13.0,0.2352941176470588,0.0,621.395
CHEMBL322197,C7H16Cl4N2Pt,4.64,7,16,2,0,0,4,0,0,0,195.084,80,2.28,4,0,0,1,1.0,0.2857142857142857,0.0,465.103
CHEMBL323516,C12H26Cl2N4O4Pt,4.85,12,26,4,4,0,2,0,0,0,195.084,80,2.28,4,0,0,1,2.0,0.3333333333333333,0.3333333333333333,556.348
CHEMBL324631,C21H31ClN3O2ReS2+,7.37,21,31,3,2,2,1,0,0,0,186.207,63,1.9,6,0,0,0,8.0,0.1428571428571428,0.0952380952380952,643.2750000000001
CHEMBL324865,C18H14B2F8N5Pt+3,4.78,18,14,5,0,0,0,0,8,0,195.084,80,2.28,4,0,0,1,14.5,0.2777777777777778,0.0,647.413
CHEMBL326165,C25H35FN3O3ReS2+,8.52,25,35,3,3,2,0,0,1,0,186.207,63,1.9,6,0,0,0,10.0,0.12,0.12,694.8979999999999
CHEMBL326518,C15H11AuClN3+3,6.7,15,11,3,0,0,1,0,0,0,196.967,137,2.54,2,0,0,0,12.0,0.2,0.0,465.691
CHEMBL326945,C25H33FN3O3ReS2+,6.18,25,33,3,3,2,0,0,1,0,186.207,63,1.9,6,0,0,0,11.0,0.12,0.12,692.882
CHEMBL330069,C19H20N4O5PtS+3,6.86,19,20,4,5,1,0,0,0,0,195.084,80,2.28,4,0,0,1,12.0,0.2105263157894736,0.2631578947368421,611.5360000000001
CHEMBL3310989,C14H16AuCl4N,5.44,14,16,1,0,0,4,0,0,0,196.967,137,2.54,2,0,0,0,7.5,0.0714285714285714,0.0,537.056
CHEMBL332491,C28H36N3O4ReS2+,8.4,28,36,3,4,2,0,0,0,0,186.207,63,1.9,6,0,0,0,12.5,0.1071428571428571,0.1428571428571428,728.9399999999999
CHEMBL332792,C10H20AuN4,4.0,10,20,4,0,0,0,0,0,0,196.967,137,2.54,2,0,0,0,3.0,0.4,0.0,393.265
CHEMBL332834,C28H34N3O4ReS2+,7.2,28,34,3,4,2,0,0,0,0,186.207,63,1.9,6,0,0,0,13.5,0.1071428571428571,0.1428571428571428,726.924
CHEMBL3349399,C26H29FeNO5,9.0,26,29,1,5,0,0,0,0,0,55.845,61,1.83,6,0,0,0,13.0,0.0384615384615384,0.1923076923076923,491.3649999999999
CHEMBL3349402,C27H32FeO6,8.68,27,32,0,6,0,0,0,0,0,55.845,61,1.83,6,0,0,0,12.0,0.0,0.2222222222222222,508.39199999999994
CHEMBL335267,C12H11AuN2O3S,5.33,12,11,2,3,1,0,0,0,0,196.967,137,2.54,2,0,0,0,8.5,0.1666666666666666,0.25,460.2580000000001
CHEMBL343369,C24H33BrFNO5ReS2+2,9.84,24,33,1,5,2,0,1,1,0,186.207,63,1.9,6,0,0,0,9.0,0.0416666666666666,0.2083333333333333,764.759
CHEMBL343420,C22H17ClN2Pt+2,5.07,22,17,2,0,0,1,0,0,0,195.084,80,2.28,4,0,0,1,15.5,0.0909090909090909,0.0,539.926
CHEMBL347085,C12H14AuNO4+,4.17,12,14,1,4,0,0,0,0,0,196.967,137,2.54,2,0,0,0,6.5,0.0833333333333333,0.3333333333333333,433.21400000000006
CHEMBL34868,C7H10Cl2N2Pt+2,4.7,7,10,2,0,0,2,0,0,0,195.084,80,2.28,4,0,0,1,4.0,0.2857142857142857,0.0,388.155
CHEMBL356054,C7H12Cl2N2Pt+2,4.31,7,12,2,0,0,2,0,0,0,195.084,80,2.28,4,0,0,1,3.0,0.2857142857142857,0.0,390.1710000000001
CHEMBL358664,C9H12AuCl2N+,4.57,9,12,1,0,0,2,0,0,0,196.967,137,2.54,2,0,0,0,4.5,0.1111111111111111,0.0,402.0690000000001
CHEMBL361029,C17H32N2O4Pt,5.31,17,32,2,4,0,0,0,0,0,195.084,80,2.28,4,0,0,1,3.0,0.1176470588235294,0.2352941176470588,523.5369999999999
CHEMBL363104,C24H42AuClF6N3P2,8.0,24,42,3,0,0,1,0,6,0,196.967,137,2.54,2,0,0,0,5.5,0.125,0.0,719.0260000000001
CHEMBL364516,C26H25FeN3O2,5.82,26,25,3,2,0,0,0,0,0,55.845,61,1.83,6,0,0,0,16.0,0.1153846153846153,0.0769230769230769,467.35
CHEMBL3648424,C22H36BN7O4Re+4,7.7,22,36,7,4,0,0,0,0,0,186.207,63,1.9,6,0,0,0,8.5,0.3181818181818182,0.1818181818181818,648.7819999999999
CHEMBL3648425,C24H34BN5O4Re+4,7.68,24,34,5,4,0,0,0,0,0,186.207,63,1.9,6,0,0,0,10.5,0.2083333333333333,0.1666666666666666,642.774
CHEMBL365925,C28H20Cl2N8Ru+,6.17,28,20,8,0,0,2,0,0,0,101.07,74,2.2,6,1,0,0,23.0,0.2857142857142857,0.0,640.494
CHEMBL365936,C6H24Cl2N8O6Pt2,5.29,6,24,8,6,0,2,0,0,0,195.084,80,2.28,4,0,0,1,-1.0,1.3333333333333333,1.0,765.3760000000001
CHEMBL366863,C16H20Co2O9,5.41,16,20,0,9,0,0,0,0,0,58.933,65,1.88,6,0,0,0,7.0,0.0,0.5625,474.193
CHEMBL367377,C16H20Co2O8,5.27,16,20,0,8,0,0,0,0,0,58.933,65,1.88,6,0,0,0,7.0,0.0,0.5,458.194
CHEMBL368259,C8H12N2O6Pt,6.01,8,12,2,6,0,0,0,0,0,195.084,80,2.28,4,0,0,1,4.0,0.25,0.75,427.27600000000007
CHEMBL368464,C16H22ClF6N2PRu,5.22,16,22,2,0,0,1,0,6,0,101.07,74,2.2,6,1,0,0,7.0,0.125,0.0,492.874
CHEMBL368607,C9H16N2O4Pt+2,5.64,9,16,2,4,0,0,0,0,0,195.084,80,2.28,4,0,0,1,3.0,0.2222222222222222,0.4444444444444444,411.321
CHEMBL368608,C12H20N2O4Pt+2,5.43,12,20,2,4,0,0,0,0,0,195.084,80,2.28,4,0,0,1,4.0,0.1666666666666666,0.3333333333333333,451.386
CHEMBL369450,C28H56Cl4N8O20Pd2-2,4.5,28,56,8,20,0,4,0,0,0,106.42,86,2.2,4,0,0,0,5.0,0.2857142857142857,0.7142857142857143,1179.432
CHEMBL370035,C19H30Cl2N5PRu+3,4.18,19,30,5,0,0,2,0,0,0,101.07,74,2.2,6,1,0,0,7.5,0.2631578947368421,0.0,500.4539999999999
CHEMBL370297,C25H21Cl2N3ORu,6.48,25,21,3,1,0,2,0,0,0,101.07,74,2.2,6,1,0,0,17.0,0.12,0.04,551.433
CHEMBL371165,C29H29FeN3O2,5.77,29,29,3,2,0,0,0,0,0,55.845,61,1.83,6,0,0,0,17.0,0.1034482758620689,0.0689655172413793,507.415
CHEMBL371997,C7H5Cl5N2Ru-2,4.46,7,5,2,0,0,5,0,0,0,101.07,74,2.2,6,1,0,0,6.5,0.2857142857142857,0.0,395.451
CHEMBL372054,C14H24Cl2N3PRu+3,4.11,14,24,3,0,0,2,0,0,0,101.07,74,2.2,6,1,0,0,4.5,0.2142857142857142,0.0,406.337
CHEMBL372488,C27H28FeO2,6.22,27,28,0,2,0,0,0,0,0,55.845,61,1.83,6,0,0,0,14.0,0.0,0.074074074074074,440.3639999999999
CHEMBL372875,C34H34N4NiO3,6.18,34,34,4,3,0,0,0,0,0,58.693,69,1.91,4,0,0,0,20.0,0.1176470588235294,0.088235294117647,605.3639999999999
CHEMBL384521,C70H100N10O18Pt2,4.71,70,100,10,18,0,0,0,0,0,195.084,80,2.28,4,0,0,1,26.0,0.1428571428571428,0.2571428571428571,1759.79
CHEMBL385413,C40H28Cl2N12O12Pt2+8,6.23,40,28,12,12,0,2,0,0,0,195.084,80,2.28,4,0,0,1,33.0,0.3,0.3,1329.804
CHEMBL385677,C86H132N10O26Pt2,5.36,86,132,10,26,0,0,0,0,0,195.084,80,2.28,4,0,0,1,26.0,0.1162790697674418,0.3023255813953488,2112.214
CHEMBL405707,C42H32N12O12Pt2+8,5.69,42,32,12,12,0,0,0,0,0,195.084,80,2.28,4,0,0,1,33.0,0.2857142857142857,0.2857142857142857,1286.958
CHEMBL407341,C44H28Cl2N12O12Pt2+8,5.89,44,28,12,12,0,2,0,0,0,195.084,80,2.28,4,0,0,1,37.0,0.2727272727272727,0.2727272727272727,1377.8480000000002
CHEMBL407396,C68H100N10O18Pt2,5.52,68,100,10,18,0,0,0,0,0,195.084,80,2.28,4,0,0,1,24.0,0.1470588235294117,0.2647058823529412,1735.7679999999998
CHEMBL410609,C50H32Cl2N12O12Pt2+8,5.67,50,32,12,12,0,2,0,0,0,195.084,80,2.28,4,0,0,1,41.0,0.24,0.24,1453.946
CHEMBL4107001,C25H32N6O4ReS2+4,5.67,25,32,6,4,2,0,0,0,0,186.207,63,1.9,6,0,0,0,13.0,0.24,0.16,730.896
CHEMBL4107202,C24H30N6O2ReS2+4,6.58,24,30,6,2,2,0,0,0,0,186.207,63,1.9,6,0,0,0,13.0,0.25,0.0833333333333333,684.8710000000001
CHEMBL4107258,C20H22N4O2ReS+4,7.4,20,22,4,2,1,0,0,0,0,186.207,63,1.9,6,0,0,0,12.0,0.2,0.1,568.6890000000001
CHEMBL4110270,C27H42N8O2ReS2+4,6.17,27,42,8,2,2,0,0,0,0,186.207,63,1.9,6,0,0,0,11.0,0.2962962962962963,0.074074074074074,761.014
CHEMBL4110764,C27H36N6O2ReS2+4,7.38,27,36,6,2,2,0,0,0,0,186.207,63,1.9,6,0,0,0,13.0,0.2222222222222222,0.074074074074074,726.952
CHEMBL411322,C54H51Fe2N4O4,4.62,54,51,4,4,0,0,0,0,0,55.845,61,1.83,6,0,0,0,31.5,0.074074074074074,0.074074074074074,931.716
CHEMBL4114526,C18H24N6O2ReS+4,6.25,18,24,6,2,1,0,0,0,0,186.207,63,1.9,6,0,0,0,10.0,0.3333333333333333,0.1111111111111111,574.6970000000001
CHEMBL413296,C14H28O2PtS4,5.16,14,28,0,2,4,0,0,0,0,195.084,80,2.28,4,0,0,1,1.0,0.0,0.1428571428571428,551.7
CHEMBL413451,C91H127N25O25ReS3-2,8.48,91,127,25,25,3,0,0,0,0,186.207,63,1.9,6,0,0,0,41.0,0.2747252747252747,0.2747252747252747,2253.554
CHEMBL413970,C36H52AuClP4,5.3,36,52,0,0,0,1,0,0,0,196.967,137,2.54,2,0,0,0,11.0,0.0,0.0,717.229
CHEMBL414155,C50H50B4F16N12O2Pt2+8,4.32,50,50,12,2,0,0,0,16,0,195.084,80,2.28,4,0,0,1,32.0,0.24,0.04,1545.168
CHEMBL415294,C20H16B2F8N4Pt+4,4.76,20,16,4,0,0,0,0,8,0,195.084,80,2.28,4,0,0,1,15.0,0.2,0.0,659.444
CHEMBL415807,C50H40Cl2N18O18Pt3+10,6.26,50,40,18,18,0,2,0,0,0,195.084,80,2.28,4,0,0,1,40.0,0.36,0.36,1837.13
CHEMBL415980,C22H18ClN3PtS+3,4.92,22,18,3,0,1,1,0,0,0,195.084,80,2.28,4,0,0,1,15.5,0.1363636363636363,0.0,587.001
CHEMBL417437,C21H15ClFN3PtS+3,4.89,21,15,3,0,1,1,0,1,0,195.084,80,2.28,4,0,0,1,16.0,0.1428571428571428,0.0,590.9640000000002
CHEMBL417556,C25H22BrFeIN2,5.66,25,22,2,0,0,0,1,0,1,55.845,61,1.83,6,0,0,0,16.0,0.08,0.0,613.114
CHEMBL417616,C21H16ClN3PtS+3,5.22,21,16,3,0,1,1,0,0,0,195.084,80,2.28,4,0,0,1,15.5,0.1428571428571428,0.0,572.974
CHEMBL418538,C14H14Cl2N4Pt-,5.7,14,14,4,0,0,2,0,0,0,195.084,80,2.28,4,0,0,1,10.0,0.2857142857142857,0.0,504.278
CHEMBL419256,C8H16O2PtS4,5.52,8,16,0,2,4,0,0,0,0,195.084,80,2.28,4,0,0,1,1.0,0.0,0.25,467.538
CHEMBL423854,C21H37AuO9PS-2,5.7,21,37,0,9,1,0,0,0,0,196.967,137,2.54,2,0,0,0,3.5,0.0,0.4285714285714285,662.5450000000001
CHEMBL425731,C27H27FeN3O2,6.12,27,27,3,2,0,0,0,0,0,55.845,61,1.83,6,0,0,0,16.0,0.1111111111111111,0.074074074074074,481.3769999999999
CHEMBL427115,C8H14F6IN2PRu,4.7,8,14,2,0,0,0,0,6,1,101.07,74,2.2,6,1,0,0,3.0,0.25,0.0,480.172
CHEMBL4303664,C34H34FeN4O4+3,6.06,34,34,4,4,0,0,0,0,0,55.845,61,1.83,6,0,0,0,20.0,0.1176470588235294,0.1176470588235294,618.5149999999999
CHEMBL4303702,C20H36AuO9PS,6.68,20,36,0,9,1,0,0,0,0,196.967,137,2.54,2,0,0,0,3.0,0.0,0.45,649.5260000000001
CHEMBL430519,C50H44CoN4O12,5.65,50,44,4,12,0,0,0,0,0,58.933,65,1.88,6,0,0,0,31.0,0.08,0.24,951.851
CHEMBL430691,C6H14Cl4N2Pt,5.36,6,14,2,0,0,4,0,0,0,195.084,80,2.28,4,0,0,1,1.0,0.3333333333333333,0.0,451.076
CHEMBL430985,C9H20AuNPS2-2,5.4,9,20,1,0,2,0,0,0,0,196.967,137,2.54,2,0,0,0,0.5,0.1111111111111111,0.0,403.35300000000007
CHEMBL432005,C10H20Cl2N2O4Pt,5.51,10,20,2,4,0,2,0,0,0,195.084,80,2.28,4,0,0,1,2.0,0.2,0.4,498.264
CHEMBL433315,C21H20FeO3,4.61,21,20,0,3,0,0,0,0,0,55.845,61,1.83,6,0,0,0,12.0,0.0,0.1428571428571428,376.23300000000006
CHEMBL435547,C9H14N2O4Pt,5.65,9,14,2,4,0,0,0,0,0,195.084,80,2.28,4,0,0,1,4.0,0.2222222222222222,0.4444444444444444,409.305
CHEMBL436773,C75H106N24O22ReS3-2,9.8,75,106,24,22,3,0,0,0,0,186.207,63,1.9,6,0,0,0,35.0,0.32,0.2933333333333333,1978.206
CHEMBL436858,C75H107N25O21ReS3-2,8.68,75,107,25,21,3,0,0,0,0,186.207,63,1.9,6,0,0,0,35.0,0.3333333333333333,0.28,1977.222
CHEMBL438180,C79H111N25O25ReS3-2,9.1,79,111,25,25,3,0,0,0,0,186.207,63,1.9,6,0,0,0,37.0,0.3164556962025316,0.3164556962025316,2093.294
CHEMBL441075,C21H33ClN3OReS2+,7.02,21,33,3,1,2,1,0,0,0,186.207,63,1.9,6,0,0,0,7.0,0.1428571428571428,0.0476190476190476,629.292
CHEMBL441330,C24H25B2F8N5OPt+4,4.76,24,25,5,1,0,0,0,8,0,195.084,80,2.28,4,0,0,1,15.0,0.2083333333333333,0.0416666666666666,746.566
CHEMBL441340,C20H26Cl2N4Pt-,4.3,20,26,4,0,0,2,0,0,0,195.084,80,2.28,4,0,0,1,10.0,0.2,0.0,588.4399999999999
CHEMBL444318,C16H35AuO13PS5-2,5.52,16,35,0,13,5,0,0,0,0,196.967,137,2.54,2,0,0,0,-0.5,0.0,0.8125,792.71
CHEMBL447841,C12H24O2PtS4,4.64,12,24,0,2,4,0,0,0,0,195.084,80,2.28,4,0,0,1,1.0,0.0,0.1666666666666666,523.646
CHEMBL460100,C9H18FeN3S6,4.15,9,18,3,0,6,0,0,0,0,55.845,61,1.83,6,0,0,0,2.5,0.3333333333333333,0.0,416.469
CHEMBL46564,C19H20FeO8,4.42,19,20,0,8,0,0,0,0,0,55.845,61,1.83,6,0,0,0,10.0,0.0,0.4210526315789473,432.206
CHEMBL48208,C28H25N6O4Ru+3,5.14,28,25,6,4,0,0,0,0,0,101.07,74,2.2,6,1,0,0,19.5,0.2142857142857142,0.1428571428571428,610.616
CHEMBL49397,C24H18N6O6Ru-2,5.07,24,18,6,6,0,0,0,0,0,101.07,74,2.2,6,1,0,0,19.0,0.25,0.25,587.514
CHEMBL49677,C24H18Cl2N4Ru+2,6.07,24,18,4,0,0,2,0,0,0,101.07,74,2.2,6,1,0,0,18.0,0.1666666666666666,0.0,534.4060000000001
CHEMBL49789,C25H21N6O4Ru+3,5.1,25,21,6,4,0,0,0,0,0,101.07,74,2.2,6,1,0,0,18.5,0.24,0.16,570.5509999999999
CHEMBL52766,C18H39CoN2O4+,4.47,18,39,2,4,0,0,0,0,0,58.933,65,1.88,6,0,0,0,0.5,0.1111111111111111,0.2222222222222222,406.453
CHEMBL53329,C22H44Cl2CoN2O4,4.73,22,44,2,4,0,2,0,0,0,58.933,65,1.88,6,0,0,0,2.0,0.0909090909090909,0.1818181818181818,530.4369999999999
CHEMBL53595,C19H39Cl2CoN2O4+,5.64,19,39,2,4,0,2,0,0,0,58.933,65,1.88,6,0,0,0,1.5,0.1052631578947368,0.2105263157894736,489.364
CHEMBL54531,C16H30Cl4CoN2O4,4.58,16,30,2,4,0,4,0,0,0,58.933,65,1.88,6,0,0,0,3.0,0.125,0.25,515.159
CHEMBL54706,C15H31Cl2CoN2O4+,5.51,15,31,2,4,0,2,0,0,0,58.933,65,1.88,6,0,0,0,1.5,0.1333333333333333,0.2666666666666666,433.256
CHEMBL55730,C31H38F2N3O5ReS2+,6.46,31,38,3,5,2,0,0,2,0,186.207,63,1.9,6,0,0,0,14.5,0.0967741935483871,0.1612903225806451,820.9839999999999
CHEMBL5809843,C32H58Cl2N2P2Pd,7.7,32,58,2,0,0,2,0,0,0,106.42,86,2.2,4,0,0,0,5.0,0.0625,0.0,648.15
CHEMBL5832715,C26H25FeN9O3,8.51,26,25,9,3,0,0,0,0,0,55.845,61,1.83,6,0,0,0,19.0,0.3461538461538461,0.1153846153846153,567.391
CHEMBL59773,C27H24FFeIN2,5.7,27,24,2,0,0,0,0,1,1,55.845,61,1.83,6,0,0,0,17.0,0.074074074074074,0.0,578.246
CHEMBL6046570,C26H24FeN6O3,8.57,26,24,6,3,0,0,0,0,0,55.845,61,1.83,6,0,0,0,18.0,0.2307692307692307,0.1153846153846153,524.362
CHEMBL606541,C38H48Au2O10P2S2,5.7,38,48,0,10,2,0,0,0,0,196.967,137,2.54,2,0,0,0,15.0,0.0,0.2631578947368421,1122.846
CHEMBL606542,C54H64Au2O18P2S2,5.52,54,64,0,18,2,0,0,0,0,196.967,137,2.54,2,0,0,0,23.0,0.0,0.3333333333333333,1459.1419999999998
CHEMBL607792,C11H13Cl2N5O4Pt,5.05,11,13,5,4,0,2,0,0,0,195.084,80,2.28,4,0,0,1,8.0,0.4545454545454545,0.3636363636363636,545.2399999999999
CHEMBL608250,C21H26Cl2N4OPtS+5,4.5,21,26,4,1,1,2,0,0,0,195.084,80,2.28,4,0,0,1,11.0,0.1904761904761904,0.0476190476190476,648.5100000000001
CHEMBL608255,C17H20ClN5PtS,4.12,17,20,5,0,1,1,0,0,0,195.084,80,2.28,4,0,0,1,10.5,0.2941176470588235,0.0,556.9760000000001
CHEMBL608256,C19H25ClN6PtS,6.89,19,25,6,0,1,1,0,0,0,195.084,80,2.28,4,0,0,1,10.5,0.3157894736842105,0.0,600.0450000000001
CHEMBL608257,C10H10F6IOsP,4.12,10,10,0,0,0,0,0,6,1,190.23,63,2.2,6,0,0,0,6.0,0.0,0.0,561.308
CHEMBL611182,C28H26Au2F6P2S2,4.52,28,26,0,0,2,0,0,6,0,196.967,137,2.54,2,0,0,0,16.0,0.0,0.0,934.558
CHEMBL611183,C28H26Au2N2P2S2,5.4,28,26,2,0,2,0,0,0,0,196.967,137,2.54,2,0,0,0,17.0,0.0714285714285714,0.0,848.584
CHEMBL611186,C30H32Au2O4P2,5.22,30,32,0,4,0,0,0,0,0,196.967,137,2.54,2,0,0,0,15.0,0.0,0.1333333333333333,850.516
CHEMBL611189,C12H34Cl6N6Pt3+4,4.92,12,34,6,0,0,6,0,0,0,195.084,80,2.28,4,0,0,1,-1.0,0.5,0.0,1060.398
CHEMBL611190,C14H38Cl6N6Pt3+4,4.35,14,38,6,0,0,6,0,0,0,195.084,80,2.28,4,0,0,1,-1.0,0.4285714285714285,0.0,1088.452
CHEMBL611191,C10H10BrF6OsP,4.22,10,10,0,0,0,0,1,6,0,190.23,63,2.2,6,0,0,0,6.0,0.0,0.0,514.3119999999999
CHEMBL611192,C10H10F6FeP,4.21,10,10,0,0,0,0,0,6,0,55.845,61,1.83,6,0,0,0,6.0,0.0,0.0,300.023
CHEMBL611193,C10H10ClF6OsP,4.83,10,10,0,0,0,1,0,6,0,190.23,63,2.2,6,0,0,0,6.0,0.0,0.0,469.85799999999995
CHEMBL611194,C10H10ClF6PRu,4.28,10,10,0,0,0,1,0,6,0,101.07,74,2.2,6,1,0,0,6.0,0.0,0.0,380.698
CHEMBL611195,C10H10BF4Os,4.05,10,10,0,0,0,0,0,4,0,190.23,63,2.2,6,0,0,0,6.0,0.0,0.0,396.412
CHEMBL611439,C26H26Au2Br2P2,5.4,26,26,0,0,0,0,2,0,0,196.967,137,2.54,2,0,0,0,14.0,0.0,0.0,892.236
CHEMBL611440,C34H36Au3Cl3P3,5.3,34,36,0,0,0,3,0,0,0,196.967,137,2.54,2,0,0,0,17.0,0.0,0.0,1141.913
CHEMBL611441,C26H26Au2Cl6P2,5.4,26,26,0,0,0,6,0,0,0,196.967,137,2.54,2,0,0,0,14.0,0.0,0.0,945.128
CHEMBL611444,C32H40Au2O2P2S4,4.16,32,40,0,2,4,0,0,0,0,196.967,137,2.54,2,0,0,0,13.0,0.0,0.0625,978.8440000000002
CHEMBL611446,C8H22Cl6N6Pt3,4.21,8,22,6,0,0,6,0,0,0,195.084,80,2.28,4,0,0,1,1.0,0.75,0.0,1000.258
CHEMBL611447,C15H42Cl8N6Pt3+4,4.89,15,42,6,0,0,8,0,0,0,195.084,80,2.28,4,0,0,1,-2.0,0.4,0.0,1175.395
CHEMBL611448,C14H44Cl12N6Pt3,4.7,14,44,6,0,0,12,0,0,0,195.084,80,2.28,4,0,0,1,-4.0,0.4285714285714285,0.0,1307.2
CHEMBL611449,C20H29ClN6PtS+2,8.0,20,29,6,0,1,1,0,0,0,195.084,80,2.28,4,0,0,1,9.5,0.3,0.0,616.088
CHEMBL611451,C15H15Cl2N3PdS2+2,5.94,15,15,3,0,2,2,0,0,0,106.42,86,2.2,4,0,0,0,10.0,0.2,0.0,478.746
CHEMBL611452,C13H12Cl3N3PdS2+2,5.51,13,12,3,0,2,3,0,0,0,106.42,86,2.2,4,0,0,0,9.5,0.2307692307692307,0.0,487.15
CHEMBL611453,C12H9Cl2F2N3PdS2+2,5.58,12,9,3,0,2,2,0,2,0,106.42,86,2.2,4,0,0,0,10.0,0.25,0.0,474.66100000000006
CHEMBL611459,C14H14FeO4+2,4.94,14,14,0,4,0,0,0,0,0,55.845,61,1.83,6,0,0,0,8.0,0.0,0.2857142857142857,302.10699999999997
CHEMBL611717,C10H13Cl2N3PdS2+2,5.78,10,13,3,0,2,2,0,0,0,106.42,86,2.2,4,0,0,0,6.0,0.3,0.0,416.6749999999999
CHEMBL611723,C15H16B2F8N3OPt+,4.92,15,16,3,1,0,0,0,8,0,195.084,80,2.28,4,0,0,1,9.5,0.2,0.0666666666666666,601.3810000000001
CHEMBL611728,C10H13ClF6N2O2PRu,4.26,10,13,2,2,0,1,0,6,0,101.07,74,2.2,6,1,0,0,5.5,0.2,0.2,443.734
CHEMBL611999,C27H37F3NO5RuS,5.64,27,37,1,5,1,0,0,3,0,101.07,74,2.2,6,1,0,0,10.0,0.037037037037037,0.1851851851851851,645.7189999999999
CHEMBL62600,C25H21F2FeIN2,4.96,25,21,2,0,0,0,0,2,1,55.845,61,1.83,6,0,0,0,16.5,0.08,0.0,570.198
CHEMBL63092,C22H23FeIN2,4.85,22,23,2,0,0,0,0,0,1,55.845,61,1.83,6,0,0,0,12.5,0.0909090909090909,0.0,498.18500000000006
CHEMBL63775,C25H22ClFeIN2,5.4,25,22,2,0,0,1,0,0,1,55.845,61,1.83,6,0,0,0,16.0,0.08,0.0,568.66
CHEMBL6397,C21H18B2F8N4OPt+4,4.85,21,18,4,1,0,0,0,8,0,195.084,80,2.28,4,0,0,1,15.0,0.1904761904761904,0.0476190476190476,689.47
CHEMBL64156,C27H24FeN2,4.5,27,24,2,0,0,0,0,0,0,55.845,61,1.83,6,0,0,0,17.0,0.074074074074074,0.0,432.348
CHEMBL64427,C26H21ClFeN2,4.82,26,21,2,0,0,1,0,0,0,55.845,61,1.83,6,0,0,0,17.5,0.0769230769230769,0.0,452.763
CHEMBL64628,C27H24ClFeIN2,6.0,27,24,2,0,0,1,0,0,1,55.845,61,1.83,6,0,0,0,17.0,0.074074074074074,0.0,594.698
CHEMBL64720,C21H20FeN2,4.6,21,20,2,0,0,0,0,0,0,55.845,61,1.83,6,0,0,0,13.0,0.0952380952380952,0.0,356.25000000000006
CHEMBL6477,C21H19B2F8N5Pt+4,4.82,21,19,5,0,0,0,0,8,0,195.084,80,2.28,4,0,0,1,15.0,0.238095238095238,0.0,688.486
CHEMBL6614,C22H21B2F8N5Pt+4,5.21,22,21,5,0,0,0,0,8,0,195.084,80,2.28,4,0,0,1,15.0,0.2272727272727272,0.0,702.513
CHEMBL6688,C21H17B2BrF8N4Pt+4,5.27,21,17,4,0,0,0,1,8,0,195.084,80,2.28,4,0,0,1,15.5,0.1904761904761904,0.0,752.3670000000001
CHEMBL6739,C25H27B2F8N5O2Pt+4,4.71,25,27,5,2,0,0,0,8,0,195.084,80,2.28,4,0,0,1,15.0,0.2,0.08,776.592
CHEMBL6757,C21H18B2F8N4Pt+4,4.85,21,18,4,0,0,0,0,8,0,195.084,80,2.28,4,0,0,1,15.0,0.1904761904761904,0.0,673.471
CHEMBL6763,C20H15B2BrF8N4Pt+4,5.68,20,15,4,0,0,0,1,8,0,195.084,80,2.28,4,0,0,1,15.5,0.2,0.0,738.34
CHEMBL67635,C26H22Au2Cl2P2,5.16,26,22,0,0,0,2,0,0,0,196.967,137,2.54,2,0,0,0,16.0,0.0,0.0,799.296
CHEMBL67762,C30H32Au2Cl2P2,5.52,30,32,0,0,0,2,0,0,0,196.967,137,2.54,2,0,0,0,15.0,0.0,0.0,857.42
CHEMBL67984,C30H24Au2Cl2P2,4.89,30,24,0,0,0,2,0,0,0,196.967,137,2.54,2,0,0,0,19.0,0.0,0.0,849.356
CHEMBL6811,C28H24B2F8N4Pt+4,5.14,28,24,4,0,0,0,0,8,0,195.084,80,2.28,4,0,0,1,19.0,0.1428571428571428,0.0,763.5960000000001
CHEMBL69031,C16H23FeN5O4S2+2,6.09,16,23,5,4,2,0,0,0,0,55.845,61,1.83,6,0,0,0,8.0,0.3125,0.25,469.356
CHEMBL69088,C25H22Au2Cl2P2,5.22,25,22,0,0,0,2,0,0,0,196.967,137,2.54,2,0,0,0,15.0,0.0,0.0,787.2850000000001
CHEMBL6961,C22H22B2F8N6Pt+4,5.34,22,22,6,0,0,0,0,8,0,195.084,80,2.28,4,0,0,1,15.0,0.2727272727272727,0.0,717.528
CHEMBL6963,C15H13B2F8N4Pt+3,5.28,15,13,4,0,0,0,0,8,0,195.084,80,2.28,4,0,0,1,11.5,0.2666666666666666,0.0,596.365
CHEMBL69895,C22H39AuO10PS-2,5.1,22,39,0,10,1,0,0,0,0,196.967,137,2.54,2,0,0,0,3.5,0.0,0.4545454545454545,692.5709999999999
CHEMBL70275,C27H26Au2Cl2P2,5.7,27,26,0,0,0,2,0,0,0,196.967,137,2.54,2,0,0,0,15.0,0.0,0.0,815.3389999999999
CHEMBL70307,C18H16Au2Cl2P2S4,5.22,18,16,0,0,4,2,0,0,0,196.967,137,2.54,2,0,0,0,11.0,0.0,0.0,825.4000000000001
CHEMBL70323,C13H20AuNOPS-2,5.52,13,20,1,1,1,0,0,0,0,196.967,137,2.54,2,0,0,0,4.5,0.0769230769230769,0.0769230769230769,435.33600000000007
CHEMBL70576,C20H39AuN4O9PS-2,5.16,20,39,4,9,1,0,0,0,0,196.967,137,2.54,2,0,0,0,3.5,0.2,0.45,708.578
CHEMBL70616,C16H32AuN3O6PS-2,5.7,16,32,3,6,1,0,0,0,0,196.967,137,2.54,2,0,0,0,2.5,0.1875,0.375,591.4739999999999
CHEMBL70687,C20H20AuClP-2,5.7,20,20,0,0,0,1,0,0,0,196.967,137,2.54,2,0,0,0,11.0,0.0,0.0,492.797
CHEMBL70752,C12H20AuClP-2,5.52,12,20,0,0,0,1,0,0,0,196.967,137,2.54,2,0,0,0,3.0,0.0,0.0,396.70900000000006
CHEMBL70777,C18H16Au2Cl2O4P2,4.77,18,16,0,4,0,2,0,0,0,196.967,137,2.54,2,0,0,0,11.0,0.0,0.2222222222222222,761.1560000000001
CHEMBL70871,C10H24Au2Cl2P2,4.77,10,24,0,0,0,2,0,0,0,196.967,137,2.54,2,0,0,0,-1.0,0.0,0.0,609.136
CHEMBL70975,C14H29AuO4PS-2,5.22,14,29,0,4,1,0,0,0,0,196.967,137,2.54,2,0,0,0,0.5,0.0,0.2857142857142857,490.40899999999993
CHEMBL71074,C6H16AuClP-2,6.0,6,16,0,0,0,1,0,0,0,196.967,137,2.54,2,0,0,0,-1.0,0.0,0.0,320.611
CHEMBL71261,C10H16AuClP-2,6.0,10,16,0,0,0,1,0,0,0,196.967,137,2.54,2,0,0,0,3.0,0.0,0.0,368.655
CHEMBL71369,C17H29AuO9PS-2,5.7,17,29,0,9,1,0,0,0,0,196.967,137,2.54,2,0,0,0,3.5,0.0,0.5294117647058824,606.4369999999999
CHEMBL71430,C30H32Au2Cl2O4P2,5.16,30,32,0,4,0,2,0,0,0,196.967,137,2.54,2,0,0,0,15.0,0.0,0.1333333333333333,921.416
CHEMBL71433,C26H20Au2Cl2F4P2,5.1,26,20,0,0,0,2,0,4,0,196.967,137,2.54,2,0,0,0,17.0,0.0,0.0,873.2719999999999
CHEMBL71546,C18H24Au2Cl2P2,5.7,18,24,0,0,0,2,0,0,0,196.967,137,2.54,2,0,0,0,7.0,0.0,0.0,705.224
CHEMBL71634,C26H20Au2Cl2P2,4.64,26,20,0,0,0,2,0,0,0,196.967,137,2.54,2,0,0,0,17.0,0.0,0.0,797.28
CHEMBL71710,C12H31AuClP2-2,6.0,12,31,0,0,0,1,0,0,0,196.967,137,2.54,2,0,0,0,-2.5,0.0,0.0,407.797
CHEMBL71885,C7H16AuNP-2,6.4,7,16,1,0,0,0,0,0,0,196.967,137,2.54,2,0,0,0,0.5,0.1428571428571428,0.0,311.179
CHEMBL71997,C24H31AuClP2-2,5.22,24,31,0,0,0,1,0,0,0,196.967,137,2.54,2,0,0,0,9.5,0.0,0.0,551.9290000000001
CHEMBL72136,C12H22AuNPS-2,6.0,12,22,1,0,1,0,0,0,0,196.967,137,2.54,2,0,0,0,2.5,0.0833333333333333,0.0,409.342
CHEMBL72173,C6H19AuClN3P-2,6.16,6,19,3,0,0,1,0,0,0,196.967,137,2.54,2,0,0,0,-1.0,0.5,0.0,365.656
CHEMBL72317,C10H16O2PtS4,4.02,10,16,0,2,4,0,0,0,0,195.084,80,2.28,4,0,0,1,3.0,0.0,0.2,491.55999999999995
CHEMBL72402,C10H21AuO4PS-2,6.0,10,21,0,4,1,0,0,0,0,196.967,137,2.54,2,0,0,0,0.5,0.0,0.4,434.301
CHEMBL72419,C14H31AuO5PS2-2,5.16,14,31,0,5,2,0,0,0,0,196.967,137,2.54,2,0,0,0,-0.5,0.0,0.3571428571428571,540.4839999999999
CHEMBL72522,C21H22AuClP-2,5.4,21,22,0,0,0,1,0,0,0,196.967,137,2.54,2,0,0,0,11.0,0.0,0.0,506.824
CHEMBL72552,C7H19AuP-2,6.0,7,19,0,0,0,0,0,0,0,196.967,137,2.54,2,0,0,0,-1.5,0.0,0.0,300.19599999999997
CHEMBL72576,C7H16AuNPS-2,6.0,7,16,1,0,1,0,0,0,0,196.967,137,2.54,2,0,0,0,0.5,0.1428571428571428,0.0,343.239
CHEMBL72640,C12H20O2PtS4,5.3,12,20,0,2,4,0,0,0,0,195.084,80,2.28,4,0,0,1,3.0,0.0,0.1666666666666666,519.614
CHEMBL72762,C20H38AuN3O9PS-2,5.7,20,38,3,9,1,0,0,0,0,196.967,137,2.54,2,0,0,0,3.5,0.15,0.45,693.5629999999999
CHEMBL72816,C24H32O2PtS4,5.0,24,32,0,2,4,0,0,0,0,195.084,80,2.28,4,0,0,1,9.0,0.0,0.0833333333333333,675.8420000000001
CHEMBL72867,C6H12O2PtS4,4.92,6,12,0,2,4,0,0,0,0,195.084,80,2.28,4,0,0,1,1.0,0.0,0.3333333333333333,439.484
CHEMBL72887,C12H21AuPS-2,5.22,12,21,0,0,1,0,0,0,0,196.967,137,2.54,2,0,0,0,2.5,0.0,0.0,394.32700000000006
CHEMBL73559,C10H27AuNO5PS-,5.0,10,27,1,5,1,0,0,0,0,196.967,137,2.54,2,0,0,0,-2.0,0.1,0.5,470.355
CHEMBL73838,C19H16FeO2,4.44,19,16,0,2,0,0,0,0,0,55.845,61,1.83,6,0,0,0,12.0,0.0,0.1052631578947368,332.17999999999995
CHEMBL74065,C24H35AuO9PS-2,5.7,24,35,0,9,1,0,0,0,0,196.967,137,2.54,2,0,0,0,7.5,0.0,0.375,696.5619999999999
CHEMBL74120,C8H20AuClOP-2,5.1,8,20,0,1,0,1,0,0,0,196.967,137,2.54,2,0,0,0,-1.0,0.0,0.125,364.664
CHEMBL74123,C7H19AuN2PS-2,6.0,7,19,2,0,1,0,0,0,0,196.967,137,2.54,2,0,0,0,-0.5,0.2857142857142857,0.0,360.27
CHEMBL74634,C18H15FeNO,5.34,18,15,1,1,0,0,0,0,0,55.845,61,1.83,6,0,0,0,12.0,0.0555555555555555,0.0555555555555555,317.16900000000004
CHEMBL75221,C18H36O2PtS4,4.51,18,36,0,2,4,0,0,0,0,195.084,80,2.28,4,0,0,1,1.0,0.0,0.1111111111111111,607.808
CHEMBL75391,C19H14F2FeO,4.63,19,14,0,1,0,0,0,2,0,55.845,61,1.83,6,0,0,0,13.0,0.0,0.0526315789473684,352.161
CHEMBL75710,C19H16FeO3,4.5,19,16,0,3,0,0,0,0,0,55.845,61,1.83,6,0,0,0,12.0,0.0,0.1578947368421052,348.179
CHEMBL76588,C20H15FeNO,4.58,20,15,1,1,0,0,0,0,0,55.845,61,1.83,6,0,0,0,14.0,0.05,0.05,341.191
CHEMBL81467,C14H28Cl2N6Pt2+6,4.97,14,28,6,0,0,2,0,0,0,195.084,80,2.28,4,0,0,1,4.0,0.4285714285714285,0.0,741.488
CHEMBL83786,C29H20FeO8,4.96,29,20,0,8,0,0,0,0,0,55.845,61,1.83,6,0,0,0,20.0,0.0,0.2758620689655172,552.316
CHEMBL93299,C42H38N9O9ReS4-,5.96,42,38,9,9,4,0,0,0,0,186.207,63,1.9,6,0,0,0,28.5,0.2142857142857142,0.2142857142857142,1127.2669999999998
CHEMBL93925,C21H18N6O6Pt+3,7.46,21,18,6,6,0,0,0,0,0,195.084,80,2.28,4,0,0,1,16.0,0.2857142857142857,0.2857142857142857,645.495
CHEMBL94326,C21H22N4O8PtS+3,6.47,21,22,4,8,1,0,0,0,0,195.084,80,2.28,4,0,0,1,13.0,0.1904761904761904,0.3809523809523809,685.5709999999999
CHEMBL94593,C17H15ClN4O4PtS+3,7.66,17,15,4,4,1,1,0,0,0,195.084,80,2.28,4,0,0,1,12.5,0.2352941176470588,0.2352941176470588,601.925
CHEMBL94699,C20H14ClN5O3PtS+3,8.3,20,14,5,3,1,1,0,0,0,195.084,80,2.28,4,0,0,1,16.5,0.25,0.15,634.9580000000001
CHEMBL94700,C17H16N4O4PtS+3,6.46,17,16,4,4,1,0,0,0,0,195.084,80,2.28,4,0,0,1,12.0,0.2352941176470588,0.2352941176470588,567.483
CHEMBL96660,C33H23Cl2N9O3Pt2S+8,7.96,33,23,9,3,1,2,0,0,0,195.084,80,2.28,4,0,0,1,27.0,0.2727272727272727,0.0909090909090909,1086.735
CHEMBL96737,C32H25N8O3Pt2S+7,8.4,32,25,8,3,1,0,0,0,0,195.084,80,2.28,4,0,0,1,24.5,0.25,0.09375,991.833
CHEMBL98573,C24H23ClN5O5PtS+,5.53,24,23,5,5,1,1,0,0,0,195.084,80,2.28,4,0,0,1,16.0,0.2083333333333333,0.2083333333333333,724.0720000000001
CHEMBL98680,C14H32Cl6N6Pt3,5.3,14,32,6,0,0,6,0,0,0,195.084,80,2.28,4,0,0,1,2.0,0.4285714285714285,0.0,1082.404
CHEMBL98681,C10H22Cl4N4Pt2,4.82,10,22,4,0,0,4,0,0,0,195.084,80,2.28,4,0,0,1,2.0,0.4,0.0,730.2820000000002
CHEMBL98789,C24H28ClN4O3PtS+,6.53,24,28,4,3,1,1,0,0,0,195.084,80,2.28,4,0,0,1,13.0,0.1666666666666666,0.125,683.107
